/****** [SCRIPT] -- Base de données Supermarché --  [SCRIPT] ******/

DROP DATABASE IF EXISTS Supermarche;
CREATE DATABASE Supermarche CHARACTER SET 'utf8';
USE Supermarche;
SET NAMES utf8;

/* Structure de la table Utilisateurs */
CREATE TABLE Produits
(
    id                 INT NOT NULL AUTO_INCREMENT,
    nom                VARCHAR(45) NOT NULL,
    desc_produit       VARCHAR(70) NOT NULL,
    code_barres        VARCHAR(45) NOT NULL,
    prix               DECIMAL(7,2) NOT NULL,
    taux_tva           DECIMAL(7,2) NOT NULL,
    quantite_produit   INT NOT NULL,
    est_supprime       TINYINT(1) NOT NULL DEFAULT FALSE,
    PRIMARY KEY (id),
    CONSTRAINT unique_nom UNIQUE KEY(nom)
) ENGINE = InnoDB DEFAULT CHARACTER SET = latin1;

CREATE TABLE Postes
(
      id                 INT NOT NULL AUTO_INCREMENT,
      designation        VARCHAR(45) NOT NULL,
      PRIMARY KEY (id)
) ENGINE = InnoDB DEFAULT CHARACTER SET = latin1;

CREATE TABLE Employes
(
      id                 INT NOT NULL AUTO_INCREMENT,
      nom                VARCHAR(45) NOT NULL,
      prenom             VARCHAR(45) NOT NULL,
      id_poste           INT NOT NULL,
      rue                VARCHAR(45) NOT NULL,
      code_postal        VARCHAR(45) NOT NULL,
      localite           VARCHAR(45) NOT NULL,
      pays               VARCHAR(45) NOT NULL,
      num_telephone      VARCHAR(20) NOT NULL,
      num_mobile         VARCHAR(20) NOT NULL,
      salaire            DECIMAL(11,2) NOT NULL,
      email              VARCHAR(45) NOT NULL,
      date_embauche      DATE NOT NULL,
      est_supprime       TINYINT(1) NOT NULL DEFAULT FALSE,
      PRIMARY KEY (id),
      CONSTRAINT fk_Employes_id_poste_id_Postes FOREIGN KEY (id_poste) REFERENCES Postes(id)
) ENGINE = InnoDB DEFAULT CHARACTER SET = latin1;

CREATE TABLE Utilisateurs
(
  idUtilisateur          INT NOT NULL AUTO_INCREMENT,
  nomUtilisateur         VARCHAR(20) NOT NULL,
  mdpUtilisateur         VARCHAR(30) NOT NULL,
  droits                 INTEGER NOT NULL,
  id_employe             INT NOT NULL,
  CONSTRAINT idUtilisateur_pk PRIMARY KEY(idUtilisateur),
  CONSTRAINT fk_Utilisateurs_id_employe_id_Employes FOREIGN KEY (id_employe) REFERENCES Employes(id),
  CONSTRAINT un_nomUtilisateur UNIQUE KEY(nomUtilisateur),
  CONSTRAINT un_id_employe UNIQUE KEY(id_employe)
) ENGINE = InnoDB DEFAULT CHARACTER SET = latin1;

CREATE TABLE Clients
(
      id                 INT NOT NULL AUTO_INCREMENT,
      nom                VARCHAR(45) NOT NULL,
      prenom             VARCHAR(45) NOT NULL,
      rue                VARCHAR(45) NOT NULL,
      code_postal        VARCHAR(45) NOT NULL,
      localite           VARCHAR(45) NOT NULL,
      pays               VARCHAR(45) NOT NULL,
      num_telephone      VARCHAR(20) NOT NULL,
      num_mobile         VARCHAR(20) NOT NULL,
      email              VARCHAR(45) NOT NULL,
      date_inscription   DATE NOT NULL,
      client_fidele      TINYINT(1) NOT NULL,
      est_supprime       TINYINT(1) NOT NULL DEFAULT FALSE,
      PRIMARY KEY (id)
) ENGINE = InnoDB DEFAULT CHARACTER SET = latin1;

CREATE TABLE Modes_Paiement
(
    id                 INT NOT NULL,
    mode               VARCHAR(45) NOT NULL,
    PRIMARY KEY (id)
) ENGINE = InnoDB DEFAULT CHARACTER SET = latin1;

CREATE TABLE Tickets_Caisse
(
    id                  INT NOT NULL AUTO_INCREMENT,
    id_client           INT NOT NULL,
    date_ticket         TIMESTAMP NOT NULL DEFAULT CURRENT_TIMESTAMP,
    statut              TINYINT(1) NOT NULL DEFAULT FALSE,
    id_employe          INT NOT NULL,
    PRIMARY KEY (id),
    CONSTRAINT fk_Ticket_Caisse_id_client_id_Client FOREIGN KEY (id_client) REFERENCES Clients (id),
    CONSTRAINT fk_Ticket_Caisse_id_caissier_id_Personnel FOREIGN KEY (id_employe) REFERENCES Employes (id)
) ENGINE = InnoDB DEFAULT CHARACTER SET = latin1;

CREATE TABLE Lignes_Ticket_Caisse
(
    id                      INT NOT NULL AUTO_INCREMENT,
    id_ticket_caisse        INT NOT NULL,
    id_produit              INT NOT NULL,
    quantite_achetee        INT NOT NULL,
    prix_unitaire           DECIMAL(7,2) NOT NULL,
    PRIMARY KEY (id),
    CONSTRAINT fk_Ligne_Ticket_Caisse_id_ticket_caisse_id_Ticket_Caisse FOREIGN KEY (id_ticket_caisse) REFERENCES Tickets_Caisse (id),
    CONSTRAINT fk_Ligne_Ticket_Caisse_id_produit_id_Produit FOREIGN KEY (id_produit) REFERENCES Produits (id)
) ENGINE = InnoDB DEFAULT CHARACTER SET = latin1;

CREATE TABLE Paiements
(
    id                          INT NOT NULL AUTO_INCREMENT,
    id_ticket_caisse            INT NOT NULL,
    id_mode_paiement            INT NOT NULL,
    date_paiement               TIMESTAMP NOT NULL DEFAULT CURRENT_TIMESTAMP,
    montant                     DECIMAL(7,2) NOT NULL,
    PRIMARY KEY (id),
    CONSTRAINT fk_id_ticket_caisse_id_Ticket_Caisse FOREIGN KEY (id_ticket_caisse) REFERENCES Tickets_Caisse (id),
    CONSTRAINT fk_Paiement_mode_paiement_type_Paiement FOREIGN KEY (id_mode_paiement) REFERENCES Modes_Paiement (id)
) ENGINE = InnoDB DEFAULT CHARACTER SET = latin1;

CREATE TABLE Pays
(
  id        INT NOT NULL AUTO_INCREMENT,
  nom       VARCHAR(45) NOT NULL,
  codeIso   VARCHAR(45) NOT NULL,
  CONSTRAINT idPays_pk PRIMARY KEY (id),
  CONSTRAINT nom_uk UNIQUE (nom)
) ENGINE = InnoDB DEFAULT CHARACTER SET = latin1;

CREATE TABLE Localite
(
  id            INT NOT NULL AUTO_INCREMENT,
  nom           VARCHAR(45) NOT NULL,
  idPays        INT NOT NULL,
  codePostal    VARCHAR(45) NOT NULL,
  CONSTRAINT id_pk PRIMARY KEY(id),
  CONSTRAINT fk_Localite_Pays1 FOREIGN KEY (idPays) REFERENCES Pays(id),
  CONSTRAINT Loca_code_post_uk UNIQUE (codePostal, nom) 
) ENGINE = InnoDB DEFAULT CHARACTER SET = latin1;

/* TRIGGERS */

/* Après avoir encode des lignes de ticket, on les retire du stock */
DELIMITER |
DROP TRIGGER IF EXISTS after_create_ligne_ticket_caisse |
CREATE TRIGGER after_create_ligne_ticket_caisse AFTER INSERT ON Lignes_Ticket_Caisse FOR EACH ROW
BEGIN
  UPDATE Produits
  SET quantite_produit = quantite_produit - NEW.quantite_achetee
  WHERE id = NEW.id_produit;
END |
DELIMITER ; 

/* Si l'on décide de supprimer un ticket de caisse, on remet les produits en stock */
DELIMITER |
DROP TRIGGER IF EXISTS after_delete_ligne_ticket_caisse |
CREATE TRIGGER after_delete_ligne_ticket_caisse AFTER DELETE ON Lignes_Ticket_Caisse FOR EACH ROW
BEGIN
  UPDATE Produits
  SET quantite_produit = quantite_produit + OLD.quantite_achetee
  WHERE id = OLD.id_produit;
END |
DELIMITER ; 

/* En supprimant un ticket de caisse, cela enclenchera la suppression des lignes et des paiements associés */
DELIMITER |
DROP TRIGGER IF EXISTS before_delete_tickets_caisse |
CREATE TRIGGER before_delete_tickets_caisse BEFORE DELETE ON Tickets_Caisse FOR EACH ROW
BEGIN
    DELETE FROM Lignes_Ticket_Caisse WHERE id_ticket_caisse = OLD.id;
    DELETE FROM Paiements WHERE id_ticket_caisse = OLD.id;
END|
DELIMITER ;

/* INSERTIONS */

INSERT INTO Pays (id, nom, codeIso) 
VALUES 	(1, 'Belgique', 'BE'),
		    (2, 'France', 'FR'),
    		(3, 'Luxembourg', 'LU'),
    		(4, 'Pays-Bas', 'NL'),
    		(5, 'Allemagne', 'DE'),
    		(6, 'Suisse', 'CH'),
    		(7, 'Italie', 'IT'),
    		(8, 'Espagne', 'ES'),
    		(9, 'Portugal', 'PT'),
    		(10, 'Grèce', 'GR');

INSERT INTO Produits (nom, desc_produit, code_barres, prix, taux_tva, quantite_produit)
VALUES ('Barre chocolat noir', '49,5 % de cacao', '05400141051858',0.80, 0.06, 20),
       ('Cookies biscuit chocolat', '29 % de pépites de chocolat noir et 11% de chocolat au lait', '05400141307030', 0.65, 0.06, 20),
       ('Essuie-tout', '128 feuilles à double épaisseur', '05400141051394', 2.69, 0.06, 20),
       ('Salami sans ail', 'Viande de porc, sel, sirop de glucose', '05400141242973', 2.29, 0.06, 20),
       ('Frites surgelées', '97,6 % pommes de terre, 2,4 % huile de tournesol', '05400141237702', 0.99, 0.06, 20),
       ('L&M volume tabac', '30g de tabac L&M', '05400141051411', 5.00, 0.21, 20),
       ('Pain spécial de campagne', '55 % de farine de blé et 2,5 % de farine de seigle', '3564700756218', 1.99, 0.06, 20),
       ('Saumon', '20g de saumon', '3564700755849', 0.99, 0.06, 20),
       ('Aiguillettes poulet panées Sweet&Chili', '2kg de poulet', '05400141051858', 12.99, 0.06, 20),
       ('Mélange de légumes mexicaine', '2,5kg de mélanges de légumes (carottes, poireaux)', '05400141054545', 8.99, 0.06, 20);

INSERT INTO Postes (id, designation)
VALUES (1, 'Gérant'),
       (2, 'Caissier'),
       (3, 'Réassortisseur');

INSERT INTO Employes (id, nom, prenom, id_poste, rue, code_postal, localite, pays, num_telephone, num_mobile, salaire, email, date_embauche)
VALUES (1, 'Hotak', 'Faisal', 1, 'Chaussée de la réussite 123', '7000', 'Mons', 'Belgique', '069455854', '0485406657', 3000.00, 'f.hotak@gmail.com', '2020-01-01'),
       (2, 'Durif', 'Sylvain', 2, 'Chaussée de la défaite 321', '7100', 'La Louvière', 'Belgique', '069455845', '0478466554', 1800.00, 's.durif@gmail.com', '2020-01-10'),
       (3, 'Chmonfils', 'Thierry', 2, 'Chaussée de l''incertitude 131', '7300', 'Boussu', 'Belgique', '069455830', '0484456158', 1800.00, 't.chmonfils@gmail.com', '2020-01-14'),
       (4, 'Adi', 'Jacques', 3, 'Chaussée de la repentance 121', '7500', 'Tournai', 'Belgique', '069455820', '0485322178', 1500.00, 'j.adi@gmail.com', '2020-02-15'),
       (5, 'Non', 'Mehdi', 3, 'Chaussée de la délivrance 312', '7600', 'Péruwelz', 'Belgique', '069455814', '0482410235', 1500.00, 'm.non@gmail.com', '2020-03-01');       

INSERT INTO Utilisateurs(nomUtilisateur, mdpUtilisateur, droits, id_employe) 
VALUES   ('admin', 'py2eKTzoMl5OCs/SihyCZw==', 2, 1),
         ('util1', '1K60Sb54VncoR6OkZYg2/Q==', 1, 2),
         ('util2', 'o28rnAyGNlzOrNKkTtpKqA==', 1, 3),
         ('util3', 'PiEB8WOH604ukZirbRsmPA==', 0, 4),
         ('util4', '8mM+8KnmKt+qhaqlbtLroA==', 0, 5);

INSERT INTO Clients (id, nom, prenom, rue, code_postal, localite, pays, num_telephone, num_mobile, email, date_inscription, client_fidele)
VALUES (1, 'Client générique', '', '', '', '', '', '', '', '', '2020-01-01', 0),
	     (2, 'Doret', 'Julien', 'Sentier des incompris 4', '7000', 'Mons', 'Belgique', '069455841', '0483132454', 'j.doret@gmail.com', '2020-01-01', 0),
       (3, 'Dodu', 'Cassandra', 'Chemin de traverse 45', '7100', 'La Louvière', 'Belgique', '069455884', '0483134245', 'c.dodu@gmail.com', '2020-02-01', 0),
       (4, 'Grievaux', 'Benjamin', 'Rue du poulet 21', '7300', 'Boussu', 'Belgique', '069455833', '0483131335', 'b.grievaux@gmail.com', '2020-03-01', 1),
       (5, 'Tourniquet', 'Leon', 'Avenue médiocre 15', '7500', 'Tournai', 'Belgique', '069455847', '0483132084', 'l.tourniquet@gmail.com', '2020-04-01', 1),
       (6, 'Graux', 'Lars', 'Boulevard des cieux 78', '7600', 'Péruwelz', 'Belgique', '069455852', '0483152224', 'l.graux@gmail.com', '2020-05-01', 0);

INSERT INTO Modes_Paiement (id, mode)
VALUES (1, 'Espèces'),
       (2, 'Bancontact'),
       (3, 'MasterCard/Visa');

-- INSERT INTO Tickets_Caisse (id_client, statut, id_employe)
-- VALUES  (6,'Non payé', 2),
--         (5,'Non payé', 2),
--         (4,'Non payé', 3),
--         (3,'Non payé', 3);

-- INSERT INTO Tickets_Caisse (id_client, date_ticket, statut, id_employe)
-- VALUES  (2, '2021-01-01 15:05:12', 'Non payé', 3);

-- INSERT INTO Lignes_Ticket_Caisse (id_ticket_caisse, id_produit, quantite_achetee, prix_unitaire)
-- VALUES (1, 1, 10, (SELECT P.prix*(1+P.taux_tva) FROM Produits P WHERE P.id = 1)),
--        (1, 2, 10, (SELECT P.prix*(1+P.taux_tva) FROM Produits P WHERE P.id = 2)),
--        (2, 3, 10, (SELECT P.prix*(1+P.taux_tva) FROM Produits P WHERE P.id = 3)),
--        (2, 4, 10, (SELECT P.prix*(1+P.taux_tva) FROM Produits P WHERE P.id = 4)),
--        (3, 5, 10, (SELECT P.prix*(1+P.taux_tva) FROM Produits P WHERE P.id = 5)),
--        (3, 6, 10, (SELECT P.prix*(1+P.taux_tva) FROM Produits P WHERE P.id = 6)),
--        (4, 7, 10, (SELECT P.prix*(1+P.taux_tva) FROM Produits P WHERE P.id = 7)),
--        (4, 8, 10, (SELECT P.prix*(1+P.taux_tva) FROM Produits P WHERE P.id = 8)),
--        (5, 9, 10, (SELECT P.prix*(1+P.taux_tva) FROM Produits P WHERE P.id = 9)),
--        (5, 10, 10, (SELECT P.prix*(1+P.taux_tva) FROM Produits P WHERE P.id = 10));

INSERT INTO Localite (id, nom, idPays, codePostal) VALUES
(1, 'Aaigem', 1, '9420'),
(2, 'Aalbeke', 1, '8511'),
(3, 'Aalst', 1, '9300'),
(4, 'Aalst (Limb.)', 1, '3800'),
(5, 'Aalter', 1, '9880'),
(6, 'Aarschot', 1, '3200'),
(7, 'Aarsele', 1, '8700'),
(8, 'Aartrijke', 1, '8211'),
(9, 'Aartselaar', 1, '2630'),
(10, 'Abée', 1, '4557'),
(11, 'Abolens', 1, '4280'),
(12, 'Achel', 1, '3930'),
(13, 'Achéne', 1, '5590'),
(14, 'Achet', 1, '5362'),
(15, 'Acosse', 1, '4219'),
(16, 'Acoz', 1, '6280'),
(17, 'Adegem', 1, '9991'),
(18, 'Adinkerke', 1, '8660'),
(19, 'Affligem', 1, '1790'),
(20, 'Afsnee', 1, '9051'),
(21, 'Agimont', 1, '5544'),
(22, 'Aineffe', 1, '4317'),
(23, 'Aische-en-Refail', 1, '5310'),
(24, 'Aiseau', 1, '6250'),
(25, 'Aiseau-Presles', 1, '6250'),
(26, 'Aisemont', 1, '5070'),
(27, 'Alken', 1, '3570'),
(28, 'Alle', 1, '5550'),
(29, 'Alleur', 1, '4432'),
(30, 'Alsemberg', 1, '1652'),
(31, 'Alveringem', 1, '8690'),
(32, 'Amay', 1, '4540'),
(33, 'Amberloup', 1, '6680'),
(34, 'Ambléve', 1, '4770'),
(35, 'Ambly', 1, '6953'),
(36, 'Ambresin', 1, '4219'),
(37, 'Amel', 1, '4770'),
(38, 'Amonines', 1, '6997'),
(39, 'Amougies', 1, '7750'),
(40, 'Ampsin', 1, '4540'),
(41, 'Andenne', 1, '5300'),
(42, 'Anderlecht', 1, '1070'),
(43, 'Anderlues', 1, '6150'),
(44, 'Andrimont', 1, '4821'),
(45, 'Angleur', 1, '4031'),
(46, 'Angre', 1, '7387'),
(47, 'Angreau', 1, '7387'),
(48, 'Anhée', 1, '5537'),
(49, 'Anlier', 1, '6721'),
(50, 'Anloy', 1, '6890'),
(51, 'Annevoie-Rouillon', 1, '5537'),
(52, 'Ans', 1, '4430'),
(53, 'Anseremme', 1, '5500'),
(54, 'Anseroeul', 1, '7750'),
(55, 'Anthée', 1, '5520'),
(56, 'Antheit', 1, '4520'),
(57, 'Anthisnes', 1, '4160'),
(58, 'Antoing', 1, '7640'),
(59, 'Antwerpen 1', 1, '2000'),
(60, 'Antwerpen 1', 1, '2018'),
(61, 'Antwerpen 2', 1, '2020'),
(62, 'Antwerpen 3', 1, '2030'),
(63, 'Antwerpen 4', 1, '2040'),
(64, 'Antwerpen 5', 1, '2050'),
(65, 'Antwerpen 6', 1, '2060'),
(66, 'Anvaing', 1, '7910'),
(67, 'Anzegem', 1, '8570'),
(68, 'Appels', 1, '9200'),
(69, 'Appelterre-Eichem', 1, '9400'),
(70, 'Arbre (Ht.)', 1, '7811'),
(71, 'Arbre (Nam.)', 1, '5170'),
(72, 'Arbrefontaine', 1, '4990'),
(73, 'Arc-Ainiéres', 1, '7910'),
(74, 'Archennes', 1, '1390'),
(75, 'Arc-Wattripont', 1, '7910'),
(76, 'Ardooie', 1, '8850'),
(77, 'Arendonk', 1, '2370'),
(78, 'Argenteau', 1, '4601'),
(79, 'Arlon', 1, '6700'),
(80, 'Arquennes', 1, '7181'),
(81, 'Arsimont', 1, '5060'),
(82, 'Arville', 1, '6870'),
(83, 'As', 1, '3665'),
(84, 'Aspelare', 1, '9404'),
(85, 'Asper', 1, '9890'),
(86, 'Asquillies', 1, '7040'),
(87, 'Asse', 1, '1730'),
(88, 'Assebroek', 1, '8310'),
(89, 'Assenede', 1, '9960'),
(90, 'Assenois', 1, '6860'),
(91, 'Assent', 1, '3460'),
(92, 'Assesse', 1, '5330'),
(93, 'Astene', 1, '9800'),
(94, 'Ath', 1, '7800'),
(95, 'Athis', 1, '7387'),
(96, 'Athus', 1, '6791'),
(97, 'Attenhoven', 1, '3404'),
(98, 'Attenrode', 1, '3384'),
(99, 'Attert', 1, '6717'),
(100, 'Attre', 1, '7941'),
(101, 'Aubange', 1, '6790'),
(102, 'Aubechies', 1, '7972'),
(103, 'Aubel', 1, '4880'),
(104, 'Aublain', 1, '5660'),
(105, 'Auby-sur-Semois', 1, '6880'),
(106, 'Auderghem', 1, '1160'),
(107, 'Audregnies', 1, '7382'),
(108, 'Aulnois', 1, '7040'),
(109, 'Autelbas', 1, '6706'),
(110, 'Autre-Eglise', 1, '1367'),
(111, 'Autreppe', 1, '7387'),
(112, 'Auvelais', 1, '5060'),
(113, 'Ave-et-Auffe', 1, '5580'),
(114, 'Avekapelle', 1, '8630'),
(115, 'Avelgem', 1, '8580'),
(116, 'Avennes', 1, '4260'),
(117, 'Averbode', 1, '3271'),
(118, 'Avernas-le-Bauduin', 1, '4280'),
(119, 'Avin', 1, '4280'),
(120, 'Awans', 1, '4340'),
(121, 'Awenne', 1, '6870'),
(122, 'Awirs', 1, '4400'),
(123, 'Aye', 1, '6900'),
(124, 'Ayeneux', 1, '4630'),
(125, 'Aywaille', 1, '4920'),
(126, 'Baaigem', 1, '9890'),
(127, 'Baal', 1, '3128'),
(128, 'Baardegem', 1, '9310'),
(129, 'Baarle-Hertog', 1, '2387'),
(130, 'Baasrode', 1, '9200'),
(131, 'Bachte-Maria-Leerne', 1, '9800'),
(132, 'Baelen (Lg.)', 1, '4837'),
(133, 'Bagimont', 1, '5550'),
(134, 'Baileux', 1, '6464'),
(135, 'Bailiévre', 1, '6460'),
(136, 'Baillamont', 1, '5555'),
(137, 'Bailleul', 1, '7730'),
(138, 'Baillonville', 1, '5377'),
(139, 'Baisieux', 1, '7380'),
(140, 'Baisy-thy', 1, '1470'),
(141, 'Balétre', 1, '5190'),
(142, 'Balegem', 1, '9860'),
(143, 'Balen', 1, '2490'),
(144, 'Bambrugge', 1, '9420'),
(145, 'Bande', 1, '6951'),
(146, 'Barbenéon', 1, '6500'),
(147, 'Barchon', 1, '4671'),
(148, 'Baronville', 1, '5570'),
(149, 'Barry', 1, '7534'),
(150, 'Barvaux-Condroz', 1, '5370'),
(151, 'Barvaux-sur-Ourthe', 1, '6940'),
(152, 'Basécles', 1, '7971'),
(153, 'Bas-Oha', 1, '4520'),
(154, 'Basse-Bodeux', 1, '4983'),
(155, 'Bassenge', 1, '4690'),
(156, 'Bassevelde', 1, '9968'),
(157, 'Bassilly', 1, '7830'),
(158, 'Bastogne', 1, '6600'),
(159, 'Bas-Warneton', 1, '7784'),
(160, 'Batsheers', 1, '3870'),
(161, 'Battice', 1, '4651'),
(162, 'Battignies', 1, '7130'),
(163, 'Baudour', 1, '7331'),
(164, 'Bauffe', 1, '7870'),
(165, 'Baugnies', 1, '7604'),
(166, 'Baulers', 1, '1401'),
(167, 'Bavegem', 1, '9520'),
(168, 'Bavikhove', 1, '8531'),
(169, 'Bazel', 1, '9150'),
(170, 'Beaufays', 1, '4052'),
(171, 'Beaumont', 1, '6500'),
(172, 'Beauraing', 1, '5570'),
(173, 'Beausaint', 1, '6980'),
(174, 'Beauvechain', 1, '1320'),
(175, 'Beauwelz', 1, '6594'),
(176, 'Beclers', 1, '7532'),
(177, 'Beek', 1, '3960'),
(178, 'Beerlegem', 1, '9630'),
(179, 'Beernem', 1, '8730'),
(180, 'Beerse', 1, '2340'),
(181, 'Beersel', 1, '1650'),
(182, 'Beerst', 1, '8600'),
(183, 'Beert', 1, '1673'),
(184, 'Beervelde', 1, '9080'),
(185, 'Beerzel', 1, '2580'),
(186, 'Beez', 1, '5000'),
(187, 'Beffe', 1, '6987'),
(188, 'Begijnendijk', 1, '3130'),
(189, 'Beho', 1, '6672'),
(190, 'Beigem', 1, '1852'),
(191, 'Bekegem', 1, '8480'),
(192, 'Bekkerzeel', 1, '1730'),
(193, 'Bekkevoort', 1, '3460'),
(194, 'Belgrade', 1, '5001'),
(195, 'Bellaire', 1, '4610'),
(196, 'Bellecourt', 1, '7170'),
(197, 'Bellefontaine (Lux.)', 1, '6730'),
(198, 'Bellefontaine (Nam.)', 1, '5555'),
(199, 'Bellegem', 1, '8510'),
(200, 'Bellem', 1, '9881'),
(201, 'Bellevaux', 1, '6834'),
(202, 'Bellevaux-Ligneuville', 1, '4960'),
(203, 'Bellingen', 1, '1674'),
(204, 'Beloeil', 1, '7970'),
(205, 'Belsele', 1, '9111'),
(206, 'Ben-Ahin', 1, '4500'),
(207, 'Bende', 1, '6941'),
(208, 'Berbroek', 1, '3540'),
(209, 'Berchem (Antwerpen)', 1, '2600'),
(210, 'Berchem (O.-Vl.)', 1, '9690'),
(211, 'Berchem-Sainte-Agathe', 1, '1082'),
(212, 'Berendrecht', 1, '2040'),
(213, 'Berg (Bt.)', 1, '1910'),
(214, 'Berg (Limb.)', 1, '3700'),
(215, 'Bergilers', 1, '4360'),
(216, 'Beringen', 1, '3580'),
(217, 'Berlaar', 1, '2590'),
(218, 'Berlare', 1, '9290'),
(219, 'Berlingen', 1, '3830'),
(220, 'Berloz', 1, '4257'),
(221, 'Berneau', 1, '4607'),
(222, 'Bernissart', 1, '7320'),
(223, 'Bersillies-l''Abbaye', 1, '6560'),
(224, 'Bertem', 1, '3060'),
(225, 'Bertogne', 1, '6687'),
(226, 'Bertrée', 1, '4280'),
(227, 'Bertrix', 1, '6880'),
(228, 'Berzée', 1, '5651'),
(229, 'Beselare', 1, '8980'),
(230, 'Betekom', 1, '3130'),
(231, 'Bettincourt', 1, '4300'),
(232, 'Beuzet', 1, '5030'),
(233, 'Bevel', 1, '2560'),
(234, 'Bever', 1, '1547'),
(235, 'Bevercé', 1, '4960'),
(236, 'Bevere', 1, '9700'),
(237, 'Beveren (Leie)', 1, '8791'),
(238, 'Beveren (Roeselare)', 1, '8800'),
(239, 'Beveren-aan-den-Ijzer', 1, '8691'),
(240, 'Beveren-Waas', 1, '9120'),
(241, 'Beverlo', 1, '3581'),
(242, 'Beverst', 1, '3740'),
(243, 'Beyne-Heusay', 1, '4610'),
(244, 'Bienne-lez-Happart', 1, '6543'),
(245, 'Bierbeek', 1, '3360'),
(246, 'Biercée', 1, '6533'),
(247, 'Bierges', 1, '1301'),
(248, 'Bierghes', 1, '1430'),
(249, 'Bierset', 1, '4460'),
(250, 'Bierwart', 1, '5380'),
(251, 'Biesme', 1, '5640'),
(252, 'Biesmerée', 1, '5640'),
(253, 'Biesme-sous-Thuin', 1, '6531'),
(254, 'Biévéne', 1, '1547'),
(255, 'Biévre', 1, '5555'),
(256, 'Biez', 1, '1390'),
(257, 'Bihain', 1, '6690'),
(258, 'Bikschote', 1, '8920'),
(259, 'Bilstain', 1, '4831'),
(260, 'Bilzen', 1, '3740'),
(261, 'Binche', 1, '7130'),
(262, 'Binderveld', 1, '3850'),
(263, 'Binkom', 1, '3211'),
(264, 'Bioul', 1, '5537'),
(265, 'Bissegem', 1, '8501'),
(266, 'Bizet', 1, '7783'),
(267, 'Blaasveld', 1, '2830'),
(268, 'Blaimont', 1, '5542'),
(269, 'Blandain', 1, '7522'),
(270, 'Blanden', 1, '3052'),
(271, 'Blankenberge', 1, '8370'),
(272, 'Blaregnies', 1, '7040'),
(273, 'Blaton', 1, '7321'),
(274, 'Blaugies', 1, '7370'),
(275, 'Blégny', 1, '4670'),
(276, 'Bléharies', 1, '7620'),
(277, 'Blehen', 1, '4280'),
(278, 'Bleid', 1, '6760'),
(279, 'Bleret', 1, '4300'),
(280, 'Blicquy', 1, '7903'),
(281, 'Bocholt', 1, '3950'),
(282, 'Boechout', 1, '2530'),
(283, 'Boekhout', 1, '3890'),
(284, 'Boekhoute', 1, '9961'),
(285, 'Boélhe', 1, '4250'),
(286, 'Boezinge', 1, '8904'),
(287, 'Bogaarden', 1, '1670'),
(288, 'Bohan', 1, '5550'),
(289, 'Boignée', 1, '5140'),
(290, 'Boirs', 1, '4690'),
(291, 'Bois-de-Lessines', 1, '7866'),
(292, 'Bois-de-Villers', 1, '5170'),
(293, 'Bois-d''Haine', 1, '7170'),
(294, 'Bois-et-Borsu', 1, '4560'),
(295, 'Bolinne', 1, '5310'),
(296, 'Bolland', 1, '4653'),
(297, 'Bomal (Bt.)', 1, '1367'),
(298, 'Bomal-sur-Ourthe', 1, '6941'),
(299, 'Bombaye', 1, '4607'),
(300, 'Bommershoven', 1, '3840'),
(301, 'Boncelles', 1, '4100'),
(302, 'Boneffe', 1, '5310'),
(303, 'Bonheiden', 1, '2820'),
(304, 'Boninne', 1, '5021'),
(305, 'Bonlez', 1, '1325'),
(306, 'Bonnert', 1, '6700'),
(307, 'Bonneville', 1, '5300'),
(308, 'Bon-Secours', 1, '7603'),
(309, 'Bonsin', 1, '5377'),
(310, 'Booischot', 1, '2221'),
(311, 'Booitshoeke', 1, '8630'),
(312, 'Boom', 1, '2850'),
(313, 'Boorsem', 1, '3631'),
(314, 'Boortmeerbeek', 1, '3190'),
(315, 'Borchtlombeek', 1, '1761'),
(316, 'Borgerhout (Antwerpen)', 1, '2140'),
(317, 'Borgloon', 1, '3840'),
(318, 'Borlez', 1, '4317'),
(319, 'Borlo', 1, '3891'),
(320, 'Borlon', 1, '6941'),
(321, 'Bornem', 1, '2880'),
(322, 'Bornival', 1, '1404'),
(323, 'Borsbeek (Antw.)', 1, '2150'),
(324, 'Borsbeke', 1, '9552'),
(325, 'Bossiére', 1, '5032'),
(326, 'Bossuit', 1, '8583'),
(327, 'Bossut-Gottechain', 1, '1390'),
(328, 'Bost', 1, '3300'),
(329, 'Bothey', 1, '5032'),
(330, 'Bottelare', 1, '9820'),
(331, 'Bouffioulx', 1, '6200'),
(332, 'Bouge', 1, '5004'),
(333, 'Bougnies', 1, '7040'),
(334, 'Bouillon', 1, '6830'),
(335, 'Bourlers', 1, '6464'),
(336, 'Bourseigne-Neuve', 1, '5575'),
(337, 'Bourseigne-Vieille', 1, '5575'),
(338, 'Boussoit', 1, '7110'),
(339, 'Boussu', 1, '7300'),
(340, 'Boussu-en-Fagne', 1, '5660'),
(341, 'Boussu-lez-Walcourt', 1, '6440'),
(342, 'Bousval', 1, '1470'),
(343, 'Boutersem', 1, '3370'),
(344, 'Bouvignes-sur-Meuse', 1, '5500'),
(345, 'Bouvignies', 1, '7803'),
(346, 'Bouwel', 1, '2288'),
(347, 'Bovekerke', 1, '8680'),
(348, 'Bovelingen', 1, '3870'),
(349, 'Bovenistier', 1, '4300'),
(350, 'Bovesse', 1, '5081'),
(351, 'Bovigny', 1, '6671'),
(352, 'Bra', 1, '4990'),
(353, 'Braffe', 1, '7604'),
(354, 'Braibant', 1, '5590'),
(355, 'Braine-l''Alleud', 1, '1420'),
(356, 'Braine-le-Chéteau', 1, '1440'),
(357, 'Braine-le-Comte', 1, '7090'),
(358, 'Braives', 1, '4260'),
(359, 'Brakel', 1, '9660'),
(360, 'Branchon', 1, '5310'),
(361, 'Bras', 1, '6800'),
(362, 'Brasmenil', 1, '7604'),
(363, 'Brasschaat', 1, '2930'),
(364, 'Bray', 1, '7130'),
(365, 'Brecht', 1, '2960'),
(366, 'Bredene', 1, '8450'),
(367, 'Bree', 1, '3960'),
(368, 'Breendonk', 1, '2870'),
(369, 'Bressoux', 1, '4020'),
(370, 'Brielen', 1, '8900'),
(371, 'Broechem', 1, '2520'),
(372, 'Broekom', 1, '3840'),
(373, 'Brucargo', 1, '1931'),
(374, 'Brugelette', 1, '7940'),
(375, 'Brugge', 1, '8000'),
(376, 'Brély', 1, '5660'),
(377, 'Brély-de-Pesche', 1, '5660'),
(378, 'Brunehaut', 1, '7620'),
(379, 'Brussegem', 1, '1785'),
(380, 'Brussel 1', 1, '1000'),
(381, 'Brussel 12', 1, '1120'),
(382, 'Brussel 13', 1, '1130'),
(383, 'Brussel 14', 1, '1140'),
(384, 'Brussel 15', 1, '1150'),
(385, 'Brussel 16', 1, '1160'),
(386, 'Brussel 17', 1, '1170'),
(387, 'Brussel 18', 1, '1180'),
(388, 'Brussel 19', 1, '1190'),
(389, 'Brussel 2', 1, '1020'),
(390, 'Brussel 20', 1, '1200'),
(391, 'Brussel 21', 1, '1210'),
(392, 'Brussel 3', 1, '1030'),
(393, 'Brussel 4', 1, '1040'),
(394, 'Brussel 5', 1, '1050'),
(395, 'Brussel 6', 1, '1060'),
(396, 'Brussel 7', 1, '1070'),
(397, 'Brussel 8', 1, '1080'),
(398, 'Brussel 9', 1, '1090'),
(399, 'Brustem', 1, '3800'),
(400, 'Bruxelles 1', 1, '1000'),
(401, 'Bruxelles 12', 1, '1120'),
(402, 'Bruxelles 13', 1, '1130'),
(403, 'Bruxelles 14', 1, '1140'),
(404, 'Bruxelles 15', 1, '1150'),
(405, 'Bruxelles 16', 1, '1160'),
(406, 'Bruxelles 17', 1, '1170'),
(407, 'Bruxelles 18', 1, '1180'),
(408, 'Bruxelles 19', 1, '1190'),
(409, 'Bruxelles 2', 1, '1020'),
(410, 'Bruxelles 20', 1, '1200'),
(411, 'Bruxelles 21', 1, '1210'),
(412, 'Bruxelles 3', 1, '1030'),
(413, 'Bruxelles 4', 1, '1040'),
(414, 'Bruxelles 5', 1, '1050'),
(415, 'Bruxelles 6', 1, '1060'),
(416, 'Bruxelles 7', 1, '1070'),
(417, 'Bruxelles 8', 1, '1080'),
(418, 'Bruxelles 9', 1, '1090'),
(419, 'Bruyelle', 1, '7641'),
(420, 'Brye', 1, '6222'),
(421, 'Budingen', 1, '3440'),
(422, 'Buggenhout', 1, '9255'),
(423, 'Buissenal', 1, '7911'),
(424, 'Buissonville', 1, '5580'),
(425, 'Buizingen', 1, '1501'),
(426, 'Buken', 1, '1910'),
(427, 'Bullange', 1, '4760'),
(428, 'Béllingen', 1, '4760'),
(429, 'Bulskamp', 1, '8630'),
(430, 'Bunsbeek', 1, '3380'),
(431, 'Burcht', 1, '2070'),
(432, 'Burdinne', 1, '4210'),
(433, 'Bure', 1, '6927'),
(434, 'Burg-Reuland', 1, '4790'),
(435, 'Burst', 1, '9420'),
(436, 'Bury', 1, '7602'),
(437, 'Butgenbach', 1, '4750'),
(438, 'Bétgenbach', 1, '4750'),
(439, 'Buvingen', 1, '3891'),
(440, 'Buvrinnes', 1, '7133'),
(441, 'Buzenol', 1, '6743'),
(442, 'Buzet', 1, '6230'),
(443, 'Callenelle', 1, '7604'),
(444, 'Calonne', 1, '7642'),
(445, 'Cambron-Casteau', 1, '7940'),
(446, 'Cambron-Saint-Vincent', 1, '7870'),
(447, 'Carlsbourg', 1, '6850'),
(448, 'Carniéres', 1, '7141'),
(449, 'Casteau (Mons)', 1, '7020'),
(450, 'Casteau (Soignies)', 1, '7061'),
(451, 'Castillon', 1, '5650'),
(452, 'Celles (Ht.)', 1, '7760'),
(453, 'Celles (Lg.)', 1, '4317'),
(454, 'Celles (Nam.)', 1, '5561'),
(455, 'Cerexhe-Heuseux', 1, '4632'),
(456, 'Cerfontaine', 1, '5630'),
(457, 'Céroux-Mousty', 1, '1341'),
(458, 'Ch.-Notre-Dame-Louvignies', 1, '7063'),
(459, 'Chaineux', 1, '4650'),
(460, 'Chairiére', 1, '5550'),
(461, 'Champion', 1, '5020'),
(462, 'Champlon', 1, '6971'),
(463, 'Chanly', 1, '6921'),
(464, 'Chantemelle', 1, '6742'),
(465, 'Chapelle-é-Oie', 1, '7903'),
(466, 'Chapelle-é-Wattines', 1, '7903'),
(467, 'Chapelle-lez-Herlaimont', 1, '7160'),
(468, 'Chapon-Seraing', 1, '4537'),
(469, 'Charleroi', 1, '6000'),
(470, 'Charneux', 1, '4654'),
(471, 'Chassepierre', 1, '6824'),
(472, 'Chastre', 1, '1450'),
(473, 'Chastrés', 1, '5650'),
(474, 'Chastre-Villeroux-Blanmont', 1, '1450'),
(475, 'Chételet', 1, '6200'),
(476, 'Chételineau', 1, '6200'),
(477, 'Chétillon', 1, '6747'),
(478, 'Chaudfontaine', 1, '4050'),
(479, 'Chaumont-Gistoux', 1, '1325'),
(480, 'Chénée', 1, '4032'),
(481, 'Cherain', 1, '6673'),
(482, 'Cheratte', 1, '4602'),
(483, 'Chercq', 1, '7521'),
(484, 'Chevetogne', 1, '5590'),
(485, 'Chevron', 1, '4987'),
(486, 'Chiévres', 1, '7950'),
(487, 'Chimay', 1, '6460'),
(488, 'Chiny', 1, '6810'),
(489, 'Chokier', 1, '4400'),
(490, 'Ciergnon', 1, '5560'),
(491, 'Ciney', 1, '5590'),
(492, 'Ciplet', 1, '4260'),
(493, 'Ciply', 1, '7024'),
(494, 'Clabecq', 1, '1480'),
(495, 'Clavier', 1, '4560'),
(496, 'Clermont (Lg.)', 1, '4890'),
(497, 'Clermont (Nam.)', 1, '5650'),
(498, 'Clermont-sous-Huy', 1, '4480'),
(499, 'Cognelée', 1, '5022'),
(500, 'Colfontaine', 1, '7340'),
(501, 'Comblain-au-Pont', 1, '4170'),
(502, 'Comblain-Fairon', 1, '4180'),
(503, 'Comblain-la-Tour', 1, '4180'),
(504, 'Comines', 1, '7780'),
(505, 'Comines-Warneton', 1, '7780'),
(506, 'Conneux', 1, '5590'),
(507, 'Corbais', 1, '1435'),
(508, 'Corbion', 1, '6838'),
(509, 'Cordes', 1, '7910'),
(510, 'Corenne', 1, '5620'),
(511, 'Cornesse', 1, '4860'),
(512, 'Cornimont', 1, '5555'),
(513, 'Corroy-le-Chéteau', 1, '5032'),
(514, 'Corroy-le-Grand', 1, '1325'),
(515, 'Corswarem', 1, '4257'),
(516, 'Cortil-Noirmont', 1, '1450'),
(517, 'Cortil-Wodon', 1, '5380'),
(518, 'Couillet', 1, '6010'),
(519, 'Courcelles', 1, '6180'),
(520, 'Courriére', 1, '5336'),
(521, 'Cour-sur-Heure', 1, '6120'),
(522, 'Court-Saint-Etienne', 1, '1490'),
(523, 'Couthuin', 1, '4218'),
(524, 'Coutisse', 1, '5300'),
(525, 'Couture-Saint-Germain', 1, '1380'),
(526, 'Couvin', 1, '5660'),
(527, 'Cras-Avernas', 1, '4280'),
(528, 'Crehen', 1, '4280'),
(529, 'Crisnée', 1, '4367'),
(530, 'Croix-lez-Rouveroy', 1, '7120'),
(531, 'Crombach', 1, '4784'),
(532, 'Crupet', 1, '5332'),
(533, 'Cuesmes', 1, '7033'),
(534, 'Cugnon', 1, '6880'),
(535, 'Cul-des-Sarts', 1, '5660'),
(536, 'Custinne', 1, '5562'),
(537, 'Dadizele', 1, '8890'),
(538, 'Dailly', 1, '5660'),
(539, 'Daknam', 1, '9160'),
(540, 'Dalhem', 1, '4607'),
(541, 'Damme', 1, '8340'),
(542, 'Dampicourt', 1, '6767'),
(543, 'Dampremy', 1, '6020'),
(544, 'Darion', 1, '4253'),
(545, 'Daussois', 1, '5630'),
(546, 'Daussoulx', 1, '5020'),
(547, 'Dave', 1, '5100'),
(548, 'Daverdisse', 1, '6929'),
(549, 'De Haan', 1, '8420'),
(550, 'De Klinge', 1, '9170'),
(551, 'De Moeren', 1, '8630'),
(552, 'De Panne', 1, '8660'),
(553, 'De Pinte', 1, '9840'),
(554, 'Deerlijk', 1, '8540'),
(555, 'Deftinge', 1, '9570'),
(556, 'Deinze', 1, '9800'),
(557, 'Denderbelle', 1, '9280'),
(558, 'Denderhoutem', 1, '9450'),
(559, 'Denderleeuw', 1, '9470'),
(560, 'Dendermonde', 1, '9200'),
(561, 'Denderwindeke', 1, '9400'),
(562, 'Denée', 1, '5537'),
(563, 'Dentergem', 1, '8720'),
(564, 'Dergneau', 1, '7912'),
(565, 'Dessel', 1, '2480'),
(566, 'Desselgem', 1, '8792'),
(567, 'Destelbergen', 1, '9070'),
(568, 'Deurle', 1, '9831'),
(569, 'Deurne (Antwerpen)', 1, '2100'),
(570, 'Deurne (Bt.)', 1, '3290'),
(571, 'Deux-Acren', 1, '7864'),
(572, 'Dhuy', 1, '5310'),
(573, 'Diegem', 1, '1831'),
(574, 'Diepenbeek', 1, '3590'),
(575, 'Diest', 1, '3290'),
(576, 'Diets-Heur', 1, '3700'),
(577, 'Dikkebus', 1, '8900'),
(578, 'Dikkele', 1, '9630'),
(579, 'Dikkelvenne', 1, '9890'),
(580, 'Diksmuide', 1, '8600'),
(581, 'Dilbeek', 1, '1700'),
(582, 'Dilsen', 1, '3650'),
(583, 'Dinant', 1, '5500'),
(584, 'Dion', 1, '5570'),
(585, 'Dion-Valmont', 1, '1325'),
(586, 'Dison', 1, '4820'),
(587, 'Dochamps', 1, '6960'),
(588, 'Doel', 1, '9130'),
(589, 'Dohan', 1, '6836'),
(590, 'Doische', 1, '5680'),
(591, 'Dolembreux', 1, '4140'),
(592, 'Donceel', 1, '4357'),
(593, 'Dongelberg', 1, '1370'),
(594, 'Donk', 1, '3540'),
(595, 'Donstiennes', 1, '6536'),
(596, 'Dorinne', 1, '5530'),
(597, 'Dormaal', 1, '3440'),
(598, 'Dottenijs', 1, '7711'),
(599, 'Dottignies', 1, '7711'),
(600, 'Dour', 1, '7370'),
(601, 'Dourbes', 1, '5670'),
(602, 'Dranouter', 1, '8951'),
(603, 'Dréhance', 1, '5500'),
(604, 'Driekapellen', 1, '8600'),
(605, 'Drieslinter', 1, '3350'),
(606, 'Drogenbos', 1, '1620'),
(607, 'Drongen', 1, '9031'),
(608, 'Dudzele', 1, '8380'),
(609, 'Duffel', 1, '2570'),
(610, 'Duisburg', 1, '3080'),
(611, 'Duras', 1, '3803'),
(612, 'Durbuy', 1, '6940'),
(613, 'Durnal', 1, '5530'),
(614, 'Dworp', 1, '1653'),
(615, 'Eben-Emael', 1, '4690'),
(616, 'Ebly', 1, '6860'),
(617, 'Ecaussinnes', 1, '7190'),
(618, 'Ecaussinnes-d''Enghien', 1, '7190'),
(619, 'Ecaussinnes-Lalaing', 1, '7191'),
(620, 'Edegem', 1, '2650'),
(621, 'Edelare', 1, '9700'),
(622, 'Edingen', 1, '7850'),
(623, 'Eeklo', 1, '9900'),
(624, 'Eernegem', 1, '8480'),
(625, 'Egem', 1, '8740'),
(626, 'Eggewaartskapelle', 1, '8630'),
(627, 'Eghezée', 1, '5310'),
(628, 'Ehein (Engis)', 1, '4480'),
(629, 'Ehein (Neupré)', 1, '4120'),
(630, 'Eigenbilzen', 1, '3740'),
(631, 'Eindhout', 1, '2430'),
(632, 'Eine', 1, '9700'),
(633, 'Eisden', 1, '3630'),
(634, 'Eke', 1, '9810'),
(635, 'Ekeren (Antwerpen)', 1, '2180'),
(636, 'Eksaarde', 1, '9160'),
(637, 'Eksel', 1, '3941'),
(638, 'Elen', 1, '3650'),
(639, 'Elene', 1, '9620'),
(640, 'Elewijt', 1, '1982'),
(641, 'Eliksem', 1, '3400'),
(642, 'Elingen', 1, '1671'),
(643, 'Ellemelle', 1, '4590'),
(644, 'Ellezelles', 1, '7890'),
(645, 'Ellignies-lez-Frasnes', 1, '7910'),
(646, 'Ellignies-Sainte-Anne', 1, '7972'),
(647, 'Ellikom', 1, '3670'),
(648, 'Elouges', 1, '7370'),
(649, 'Elsegem', 1, '9790'),
(650, 'Elsenborn', 1, '4750'),
(651, 'Elsene', 1, '1050'),
(652, 'Elst', 1, '9660'),
(653, 'Elverdinge', 1, '8906'),
(654, 'Elversele', 1, '9140'),
(655, 'Emblem', 1, '2520'),
(656, 'Embourg', 1, '4053'),
(657, 'Emelgem', 1, '8870'),
(658, 'Emines', 1, '5080'),
(659, 'Emptinne', 1, '5363'),
(660, 'Ename', 1, '9700'),
(661, 'Engelmanshoven', 1, '3800'),
(662, 'Enghien', 1, '7850'),
(663, 'Engis', 1, '4480'),
(664, 'Enines', 1, '1350'),
(665, 'Ensival', 1, '4800'),
(666, 'Epinois', 1, '7134'),
(667, 'Eppegem', 1, '1980'),
(668, 'Eprave', 1, '5580'),
(669, 'Erbaut', 1, '7050'),
(670, 'Erbisoeul', 1, '7050'),
(671, 'Ere', 1, '7500'),
(672, 'Erembodegem', 1, '9320'),
(673, 'Erezée', 1, '6997'),
(674, 'Ermeton-sur-Biert', 1, '5644'),
(675, 'Ernage', 1, '5030'),
(676, 'Erneuville', 1, '6972'),
(677, 'Ernonheid', 1, '4920'),
(678, 'Erondegem', 1, '9420'),
(679, 'Erpe', 1, '9420'),
(680, 'Erpe-Mere', 1, '9420'),
(681, 'Erpent', 1, '5101'),
(682, 'Erpion', 1, '6441'),
(683, 'Erps-kwerps', 1, '3071'),
(684, 'Erquelinnes', 1, '6560'),
(685, 'Erquennes', 1, '7387'),
(686, 'Ertvelde', 1, '9940'),
(687, 'Erwetegem', 1, '9620'),
(688, 'Escanaffles', 1, '7760'),
(689, 'Esen', 1, '8600'),
(690, 'Esneux', 1, '4130'),
(691, 'Espierres', 1, '8587'),
(692, 'Espierres-Helchin', 1, '8587'),
(693, 'Esplechin', 1, '7502'),
(694, 'Esquelmes', 1, '7743'),
(695, 'Essen', 1, '2910'),
(696, 'Essene', 1, '1790'),
(697, 'Estaimbourg', 1, '7730'),
(698, 'Estaimpuis', 1, '7730'),
(699, 'Estinnes', 1, '7120'),
(700, 'Estinnes-au-Mont', 1, '7120'),
(701, 'Estinnes-au-Val', 1, '7120'),
(702, 'Etalle', 1, '6740'),
(703, 'Ethe', 1, '6760'),
(704, 'Etikhove', 1, '9680'),
(705, 'Ettelgem', 1, '8460'),
(706, 'Etterbeek', 1, '1040'),
(707, 'Eugies (Colfontaine)', 1, '7340'),
(708, 'Eugies (Frameries)', 1, '7080'),
(709, 'Eupen', 1, '4700'),
(710, 'Evegnée', 1, '4631'),
(711, 'Evelette', 1, '5350'),
(712, 'Everbeek', 1, '9660'),
(713, 'Everberg', 1, '3078'),
(714, 'Evere', 1, '1140'),
(715, 'Evergem', 1, '9940'),
(716, 'Evregnies', 1, '7730'),
(717, 'Evrehailles', 1, '5530'),
(718, 'Eynatten', 1, '4731'),
(719, 'Ezemaal', 1, '3400'),
(720, 'Fagnolle', 1, '5600'),
(721, 'Faimes', 1, '4317'),
(722, 'Falaén', 1, '5522'),
(723, 'Falisolle', 1, '5060'),
(724, 'Fallais', 1, '4260'),
(725, 'Falmagne', 1, '5500'),
(726, 'Falmignoul', 1, '5500'),
(727, 'Familleureux', 1, '7181'),
(728, 'Farciennes', 1, '6240'),
(729, 'Faulx-les-Tombes', 1, '5340'),
(730, 'Fauroeulx', 1, '7120'),
(731, 'Fauvillers', 1, '6637'),
(732, 'Faymonville', 1, '4950'),
(733, 'Fays-les-Veneurs', 1, '6856'),
(734, 'Fayt-le-Franc', 1, '7387'),
(735, 'Fayt-lez-Manage', 1, '7170'),
(736, 'Felenne', 1, '5570'),
(737, 'Feluy', 1, '7181'),
(738, 'Feneur', 1, '4607'),
(739, 'Fernelmont', 1, '5380'),
(740, 'Ferriéres', 1, '4190'),
(741, 'Feschaux', 1, '5570'),
(742, 'Fexhe-le-Haut-Clocher', 1, '4347'),
(743, 'Fexhe-Slins', 1, '4458'),
(744, 'Filot', 1, '4181'),
(745, 'Finnevaux', 1, '5560'),
(746, 'Fize-Fontaine', 1, '4530'),
(747, 'Fize-le-Marsal', 1, '4367'),
(748, 'Flamierge', 1, '6686'),
(749, 'Flavion', 1, '5620'),
(750, 'Flawinne', 1, '5020'),
(751, 'Flémalle', 1, '4400'),
(752, 'Flémalle-Grande', 1, '4400'),
(753, 'Flémalle-Haute', 1, '4400'),
(754, 'Flénu', 1, '7012'),
(755, 'Fléron', 1, '4620'),
(756, 'Fleurus', 1, '6220'),
(757, 'Flobecq', 1, '7880'),
(758, 'Fléne', 1, '4540'),
(759, 'Florée', 1, '5334'),
(760, 'Floreffe', 1, '5150'),
(761, 'Florennes', 1, '5620'),
(762, 'Florenville', 1, '6820'),
(763, 'Floriffoux', 1, '5150'),
(764, 'Flostoy', 1, '5370'),
(765, 'Focant', 1, '5572'),
(766, 'Folx-les-Caves', 1, '1350'),
(767, 'Fontaine-l''Evéque', 1, '6140'),
(768, 'Fontaine-Valmont', 1, '6567'),
(769, 'Fontenelle', 1, '5650'),
(770, 'Fontenoille', 1, '6820'),
(771, 'Fontenoy', 1, '7643'),
(772, 'Fooz', 1, '4340'),
(773, 'Forchies-la-Marche', 1, '6141'),
(774, 'Forest', 1, '1190'),
(775, 'Forest (Ht.)', 1, '7910'),
(776, 'Forét', 1, '4870'),
(777, 'Forge-Philippe', 1, '6596'),
(778, 'Forges', 1, '6464'),
(779, 'Forriéres', 1, '6953'),
(780, 'Forville', 1, '5380'),
(781, 'Fosse (Lg.)', 1, '4980'),
(782, 'Fosses-la-Ville', 1, '5070'),
(783, 'Fouleng', 1, '7830'),
(784, 'Fourbechies', 1, '6440'),
(785, 'Fouron-le-Comte', 1, '3798'),
(786, 'Fourons', 1, '3790'),
(787, 'Fouron-Saint-Martin', 1, '3790'),
(788, 'Fouron-Saint-Pierre', 1, '3792'),
(789, 'Foy-Notre-Dame', 1, '5504'),
(790, 'Fraipont', 1, '4870'),
(791, 'Fraire', 1, '5650'),
(792, 'Fraiture', 1, '4557'),
(793, 'Frameries', 1, '7080'),
(794, 'Framont', 1, '6853'),
(795, 'Franchimont', 1, '5600'),
(796, 'Francorchamps', 1, '4970'),
(797, 'Franc-Waret', 1, '5380'),
(798, 'Franiére', 1, '5150'),
(799, 'Frasnes (Nam.)', 1, '5660'),
(800, 'Frasnes-lez-Buissenal', 1, '7911'),
(801, 'Frasnes-lez-Gosselies', 1, '6210'),
(802, 'Freloux', 1, '4347'),
(803, 'Freux', 1, '6800'),
(804, 'Froidchapelle', 1, '6440'),
(805, 'Froidfontaine', 1, '5576'),
(806, 'Froidmont', 1, '7504'),
(807, 'Fronville', 1, '6990'),
(808, 'Froyennes', 1, '7503'),
(809, 'Fumal', 1, '4260'),
(810, 'Furfooz', 1, '5500'),
(811, 'Furnaux', 1, '5641'),
(812, 'Gaasbeek', 1, '1750'),
(813, 'Gages', 1, '7943'),
(814, 'Gallaix', 1, '7906'),
(815, 'Galmaarden', 1, '1570'),
(816, 'Ganshoren', 1, '1083'),
(817, 'Gaurain-Ramecroix', 1, '7530'),
(818, 'Gavere', 1, '9890'),
(819, 'Gedinne', 1, '5575'),
(820, 'Geel', 1, '2440'),
(821, 'Geer', 1, '4250'),
(822, 'Geest-Gérompont-Pt-Rosiére', 1, '1367'),
(823, 'Geetbets', 1, '3450'),
(824, 'Gelbressée', 1, '5024'),
(825, 'Gelinden', 1, '3800'),
(826, 'Gellik', 1, '3620'),
(827, 'Gelrode', 1, '3200'),
(828, 'Geluveld', 1, '8980'),
(829, 'Geluwe', 1, '8940'),
(830, 'Gembes', 1, '6929'),
(831, 'Gembloux', 1, '5030'),
(832, 'Gemmenich', 1, '4851'),
(833, 'Genappe', 1, '1470'),
(834, 'Genk', 1, '3600'),
(835, 'Genly', 1, '7040'),
(836, 'Genoelselderen', 1, '3770'),
(837, 'Gent', 1, '9000'),
(838, 'Gentbrugge', 1, '9050'),
(839, 'Gentinnes', 1, '1450'),
(840, 'Genval', 1, '1332'),
(841, 'Geraardsbergen', 1, '9500'),
(842, 'Gerdingen', 1, '3960'),
(843, 'Gerin', 1, '5524'),
(844, 'Gérompont', 1, '1367'),
(845, 'Gérouville', 1, '6769'),
(846, 'Gerpinnes', 1, '6280'),
(847, 'Gestel', 1, '2590'),
(848, 'Gesves', 1, '5340'),
(849, 'Ghislenghien', 1, '7822'),
(850, 'Ghlin', 1, '7011'),
(851, 'Ghoy', 1, '7863'),
(852, 'Gibecq', 1, '7823'),
(853, 'Gierle', 1, '2275'),
(854, 'Gijverinkhove', 1, '8691'),
(855, 'Gijzegem', 1, '9308'),
(856, 'Gijzelbrechtegem', 1, '8570'),
(857, 'Gijzenzele', 1, '9860'),
(858, 'Gilly (Charleroi)', 1, '6060'),
(859, 'Gimnée', 1, '5680'),
(860, 'Gingelom', 1, '3890'),
(861, 'Gistel', 1, '8470'),
(862, 'Gits', 1, '8830'),
(863, 'Givry', 1, '7041'),
(864, 'Glabais', 1, '1473'),
(865, 'Glabbeek(Zuurbemde)', 1, '3380'),
(866, 'Glain', 1, '4000'),
(867, 'Gleixhe', 1, '4400'),
(868, 'Glimes', 1, '1315'),
(869, 'Glons', 1, '4690'),
(870, 'Gochenée', 1, '5680'),
(871, 'Godarville', 1, '7160'),
(872, 'Godinne', 1, '5530'),
(873, 'Godveerdegem', 1, '9620'),
(874, 'Goé', 1, '4834'),
(875, 'Goeferdinge', 1, '9500'),
(876, 'Goegnies-Chaussée', 1, '7040'),
(877, 'Goesnes', 1, '5353'),
(878, 'Goetsenhoven', 1, '3300'),
(879, 'Gomze-Andoumont', 1, '4140'),
(880, 'Gondregnies', 1, '7830'),
(881, 'Gonrieux', 1, '5660'),
(882, 'Gontrode', 1, '9090'),
(883, 'Gooik', 1, '1755'),
(884, 'Gorsem', 1, '3803'),
(885, 'Gors-Opleeuw', 1, '3840'),
(886, 'Gosselies', 1, '6041'),
(887, 'Gotem', 1, '3840'),
(888, 'Gottem', 1, '9800'),
(889, 'Gottignies', 1, '7070'),
(890, 'Gougnies', 1, '6280'),
(891, 'Gourdinne', 1, '5651'),
(892, 'Goutroux', 1, '6030'),
(893, 'Gouvy', 1, '6670'),
(894, 'Gouy-lez-Piéton', 1, '6181'),
(895, 'Gozée', 1, '6534'),
(896, 'Gréce-Berleur', 1, '4460'),
(897, 'Gréce-Hollogne', 1, '4460'),
(898, 'Graide', 1, '5555'),
(899, 'Grammene', 1, '9800'),
(900, 'Grand-Axhe', 1, '4300'),
(901, 'Grandglise', 1, '7973'),
(902, 'Grand-Hallet', 1, '4280'),
(903, 'Grand-Halleux', 1, '6698'),
(904, 'Grandhan', 1, '6940'),
(905, 'Grand-Leez', 1, '5031'),
(906, 'Grand-Manil', 1, '5030'),
(907, 'Grandmenil', 1, '6960'),
(908, 'Grandmetz', 1, '7900'),
(909, 'Grand-Rechain', 1, '4650'),
(910, 'Grand-Reng', 1, '6560'),
(911, 'Grandrieu', 1, '6470'),
(912, 'Grand-Rosiére-Hottomont', 1, '1367'),
(913, 'Grandville', 1, '4360'),
(914, 'Grandvoir', 1, '6840'),
(915, 'Grapfontaine', 1, '6840'),
(916, 'Graty', 1, '7830'),
(917, 'Graux', 1, '5640'),
(918, 'Grazen', 1, '3450'),
(919, 'Grembergen', 1, '9200'),
(920, 'Grez-Doiceau', 1, '1390'),
(921, 'Grimbergen', 1, '1850'),
(922, 'Grimminge', 1, '9506'),
(923, 'Grivegnée (Liége)', 1, '4030'),
(924, 'Grobbendonk', 1, '2280'),
(925, 'Groot-Bijgaarden', 1, '1702'),
(926, 'Groot-Gelmen', 1, '3800'),
(927, 'Groot-Loon', 1, '3840'),
(928, 'Grosage', 1, '7950'),
(929, 'Gros-Fays', 1, '5555'),
(930, 'Grote-Brogel', 1, '3990'),
(931, 'Grotenberge', 1, '9620'),
(932, 'Grote-Spouwen', 1, '3740'),
(933, 'Gruitrode', 1, '3670'),
(934, 'Grune', 1, '6952'),
(935, 'Grupont', 1, '6927'),
(936, 'Guignies', 1, '7620'),
(937, 'Guigoven', 1, '3723'),
(938, 'Guirsch', 1, '6704'),
(939, 'Gullegem', 1, '8560'),
(940, 'Gutschoven', 1, '3870'),
(941, 'Haacht', 1, '3150'),
(942, 'Haaltert', 1, '9450'),
(943, 'Haasdonk', 1, '9120'),
(944, 'Haasrode', 1, '3053'),
(945, 'Habay', 1, '6720'),
(946, 'Habay-la-Neuve', 1, '6720'),
(947, 'Habay-la-Vieille', 1, '6723'),
(948, 'Habergy', 1, '6782'),
(949, 'Haccourt', 1, '4684'),
(950, 'Hachy', 1, '6720'),
(951, 'Hacquegnies', 1, '7911'),
(952, 'Haillot', 1, '5351'),
(953, 'Haine-Saint-Paul', 1, '7100'),
(954, 'Haine-Saint-Pierre', 1, '7100'),
(955, 'Hainin', 1, '7350'),
(956, 'Hakendover', 1, '3300'),
(957, 'Halanzy', 1, '6792'),
(958, 'Halen', 1, '3545'),
(959, 'Hallaar', 1, '2220'),
(960, 'Halle', 1, '1500'),
(961, 'Halle (Kempen)', 1, '2980'),
(962, 'Halle-Booienhoven', 1, '3440'),
(963, 'Halleux', 1, '6986'),
(964, 'Halma', 1, '6922'),
(965, 'Halmaal', 1, '3800'),
(966, 'Haltinne', 1, '5340'),
(967, 'Ham', 1, '3945'),
(968, 'Hamipré', 1, '6840'),
(969, 'Hamme (Bt.)', 1, '1785'),
(970, 'Hamme (O.-Vl.)', 1, '9220'),
(971, 'Hamme-Mille', 1, '1320'),
(972, 'Hamoir', 1, '4180'),
(973, 'Hamois', 1, '5360'),
(974, 'Hamont', 1, '3930'),
(975, 'Hamont-Achel', 1, '3930'),
(976, 'Hampteau', 1, '6990'),
(977, 'Ham-sur-Heure', 1, '6120'),
(978, 'Ham-sur-Heure/Nalinnes', 1, '6120'),
(979, 'Ham-sur-Sambre', 1, '5190'),
(980, 'Handzame', 1, '8610'),
(981, 'Haneffe', 1, '4357'),
(982, 'Hannéche', 1, '4210'),
(983, 'Hannut', 1, '4280'),
(984, 'Hanret', 1, '5310'),
(985, 'Hansbeke', 1, '9850'),
(986, 'Han-sur-Lesse', 1, '5580'),
(987, 'Hantes-Wihéries', 1, '6560'),
(988, 'Hanzinelle', 1, '5621'),
(989, 'Hanzinne', 1, '5621'),
(990, 'Harchies', 1, '7321'),
(991, 'Harelbeke', 1, '8530'),
(992, 'Haren (Borgloon)', 1, '3840'),
(993, 'Haren (Tongeren)', 1, '3700'),
(994, 'Hargimont', 1, '6900'),
(995, 'Harmignies', 1, '7022'),
(996, 'Harnoncourt', 1, '6767'),
(997, 'Harre', 1, '6960'),
(998, 'Harsin', 1, '6950'),
(999, 'Harveng', 1, '7022'),
(1000, 'Harzé', 1, '4920'),
(1001, 'Hasselt', 1, '3500'),
(1002, 'Hastiére', 1, '5540'),
(1003, 'Hastiére-Lavaux', 1, '5540'),
(1004, 'Hastiére-par-Delé', 1, '5541'),
(1005, 'Hatrival', 1, '6870'),
(1006, 'Haulchin', 1, '7120'),
(1007, 'Hauset', 1, '4730'),
(1008, 'Haut-Fays', 1, '6929'),
(1009, 'Haut-Ittre', 1, '1461'),
(1010, 'Haut-le-Wastia', 1, '5537'),
(1011, 'Hautrage', 1, '7334'),
(1012, 'Havay', 1, '7041'),
(1013, 'Havelange', 1, '5370'),
(1014, 'Haversin', 1, '5590'),
(1015, 'Havinnes', 1, '7531'),
(1016, 'Havré', 1, '7021'),
(1017, 'Hechtel', 1, '3940'),
(1018, 'Heer', 1, '5543'),
(1019, 'Heers', 1, '3870'),
(1020, 'Hees', 1, '3740'),
(1021, 'Heestert', 1, '8551'),
(1022, 'Heffen', 1, '2801'),
(1023, 'Heikruis', 1, '1670'),
(1024, 'Heindonk', 1, '2830'),
(1025, 'Heinsch', 1, '6700'),
(1026, 'Heist-aan-Zee', 1, '8301'),
(1027, 'Heist-Op-Den-Berg', 1, '2220'),
(1028, 'Hekelgem', 1, '1790'),
(1029, 'Heks', 1, '3870'),
(1030, 'Helchin', 1, '8587'),
(1031, 'Helchteren', 1, '3530'),
(1032, 'Heldergem', 1, '9450'),
(1033, 'Hélécine', 1, '1357'),
(1034, 'Helen-Bos', 1, '3440'),
(1035, 'Helkijn', 1, '8587'),
(1036, 'Hellebecq', 1, '7830'),
(1037, 'Hemelveerdegem', 1, '9571'),
(1038, 'Hemiksem', 1, '2620'),
(1039, 'Hemptinne (Fernelmont)', 1, '5380'),
(1040, 'Hemptinne-lez-Florennes', 1, '5620'),
(1041, 'Hendrieken', 1, '3840'),
(1042, 'Henis', 1, '3700'),
(1043, 'Hennuyéres', 1, '7090'),
(1044, 'Henri-Chapelle', 1, '4841'),
(1045, 'Henripont', 1, '7090'),
(1046, 'Hensies', 1, '7350'),
(1047, 'Heppen', 1, '3971'),
(1048, 'Heppenbach', 1, '4771'),
(1049, 'Heppignies', 1, '6220'),
(1050, 'Herbeumont', 1, '6887'),
(1051, 'Herchies', 1, '7050'),
(1052, 'Herderen', 1, '3770'),
(1053, 'Herdersem', 1, '9310'),
(1054, 'Herent', 1, '3020'),
(1055, 'Herentals', 1, '2200'),
(1056, 'Herenthout', 1, '2270'),
(1057, 'Herfelingen', 1, '1540'),
(1058, 'Hergenrath', 1, '4728'),
(1059, 'Hérinnes-lez-Pecq', 1, '7742'),
(1060, 'Herk-de-Stad', 1, '3540'),
(1061, 'Hermalle-sous-Argenteau', 1, '4681'),
(1062, 'Hermalle-sous-Huy', 1, '4480'),
(1063, 'Hermée', 1, '4680'),
(1064, 'Hermeton-sur-Meuse', 1, '5540'),
(1065, 'Herne', 1, '1540'),
(1066, 'Héron', 1, '4217'),
(1067, 'Herquegies', 1, '7911'),
(1068, 'Herseaux', 1, '7712'),
(1069, 'Herselt', 1, '2230'),
(1070, 'Herstal', 1, '4040'),
(1071, 'Herstappe', 1, '3717'),
(1072, 'Hertain', 1, '7522'),
(1073, 'Herten', 1, '3831'),
(1074, 'Hertsberge', 1, '8020'),
(1075, 'Herve', 1, '4650'),
(1076, 'Herzele', 1, '9550'),
(1077, 'Heule', 1, '8501'),
(1078, 'Heure (Nam.)', 1, '5377'),
(1079, 'Heure-le-Romain', 1, '4682'),
(1080, 'Heurne', 1, '9700'),
(1081, 'Heusden (Limb.)', 1, '3550'),
(1082, 'Heusden (O.-Vl.)', 1, '9070'),
(1083, 'Heusden-Zolder', 1, '3550'),
(1084, 'Heusy', 1, '4802'),
(1085, 'Hever', 1, '3191'),
(1086, 'Heverlee', 1, '3001'),
(1087, 'Hévillers', 1, '1435'),
(1088, 'Heyd', 1, '6941'),
(1089, 'Hillegem', 1, '9550'),
(1090, 'Hingene', 1, '2880'),
(1091, 'Hingeon', 1, '5380'),
(1092, 'Hives', 1, '6984'),
(1093, 'Hoboken (Antwerpen)', 1, '2660'),
(1094, 'Hodeige', 1, '4351'),
(1095, 'Hodister', 1, '6987'),
(1096, 'Hody', 1, '4162'),
(1097, 'Hoegaarden', 1, '3320'),
(1098, 'Hoeilaart', 1, '1560'),
(1099, 'Hoeke', 1, '8340'),
(1100, 'Hoelbeek', 1, '3746'),
(1101, 'Hoeleden', 1, '3471'),
(1102, 'Hoepertingen', 1, '3840'),
(1103, 'Hoeselt', 1, '3730'),
(1104, 'Hoevenen', 1, '2940'),
(1105, 'Hofstade (Bt.)', 1, '1981'),
(1106, 'Hofstade (O.-Vl.)', 1, '9308'),
(1107, 'Hogne', 1, '5377'),
(1108, 'Hognoul', 1, '4342'),
(1109, 'Hollain', 1, '7620'),
(1110, 'Hollange', 1, '6637'),
(1111, 'Hollebeke', 1, '8902'),
(1112, 'Hollogne-aux-Pierres', 1, '4460'),
(1113, 'Hollogne-sur-Geer', 1, '4250'),
(1114, 'Holsbeek', 1, '3220'),
(1115, 'Hombeek', 1, '2811'),
(1116, 'Hombourg', 1, '4852'),
(1117, 'Hompré', 1, '6640'),
(1118, 'Hondelange', 1, '6780'),
(1119, 'Honnay', 1, '5570'),
(1120, 'Honnelles', 1, '7387'),
(1121, 'Hooglede', 1, '8830'),
(1122, 'Hoogstade', 1, '8690'),
(1123, 'Hoogstraten', 1, '2320'),
(1124, 'Horebeke', 1, '9667'),
(1125, 'Horion-Hozémont', 1, '4460'),
(1126, 'Hornu', 1, '7301'),
(1127, 'Horpmaal', 1, '3870'),
(1128, 'Horrues', 1, '7060'),
(1129, 'Hotton', 1, '6990'),
(1130, 'Houdemont', 1, '6724'),
(1131, 'Houdeng-Aimeries', 1, '7110'),
(1132, 'Houdeng-Goegnies', 1, '7110'),
(1133, 'Houdremont', 1, '5575'),
(1134, 'Houffalize', 1, '6660'),
(1135, 'Hour', 1, '5563'),
(1136, 'Housse', 1, '4671'),
(1137, 'Houtaing', 1, '7812'),
(1138, 'Houtain-le-Val', 1, '1476'),
(1139, 'Houtain-Saint-Siméon', 1, '4682'),
(1140, 'Houtave', 1, '8377'),
(1141, 'Houtem (W.-Vl.)', 1, '8630'),
(1142, 'Houthalen', 1, '3530'),
(1143, 'Houthalen-Helchteren', 1, '3530'),
(1144, 'Houthem (Comines)', 1, '7781'),
(1145, 'Houthulst', 1, '8650'),
(1146, 'Houtvenne', 1, '2235'),
(1147, 'Houwaart', 1, '3390'),
(1148, 'Houx', 1, '5530'),
(1149, 'Houyet', 1, '5560'),
(1150, 'Hove', 1, '2540'),
(1151, 'Hoves (Ht.)', 1, '7830'),
(1152, 'Howardries', 1, '7624'),
(1153, 'Huccorgne', 1, '4520'),
(1154, 'Huise', 1, '9750'),
(1155, 'Huissignies', 1, '7950'),
(1156, 'Huizingen', 1, '1654'),
(1157, 'Huldenberg', 1, '3040'),
(1158, 'Hulshout', 1, '2235'),
(1159, 'Hulsonniaux', 1, '5560'),
(1160, 'Hulste', 1, '8531'),
(1161, 'Humain', 1, '6900'),
(1162, 'Humbeek', 1, '1851'),
(1163, 'Hundelgem', 1, '9630'),
(1164, 'Huppaye', 1, '1367'),
(1165, 'Huy', 1, '4500'),
(1166, 'Hyon', 1, '7022'),
(1167, 'Ichtegem', 1, '8480'),
(1168, 'Iddergem', 1, '9472'),
(1169, 'Idegem', 1, '9506'),
(1170, 'Ieper', 1, '8900'),
(1171, 'Impe', 1, '9340'),
(1172, 'Incourt', 1, '1315'),
(1173, 'Ingelmunster', 1, '8770'),
(1174, 'Ingooigem', 1, '8570'),
(1175, 'Irchonwelz', 1, '7801'),
(1176, 'Isiéres', 1, '7822'),
(1177, 'Isnes', 1, '5032'),
(1178, 'Itegem', 1, '2222'),
(1179, 'Itterbeek', 1, '1701'),
(1180, 'Ittre', 1, '1460'),
(1181, 'Ivoz-Ramet', 1, '4400'),
(1182, 'Ixelles', 1, '1050'),
(1183, 'Izegem', 1, '8870'),
(1184, 'Izel', 1, '6810'),
(1185, 'Izenberge', 1, '8691'),
(1186, 'Izier', 1, '6941'),
(1187, 'Jabbeke', 1, '8490'),
(1188, 'Jalhay', 1, '4845'),
(1189, 'Jallet', 1, '5354'),
(1190, 'Jamagne', 1, '5600'),
(1191, 'Jambes (Namur)', 1, '5100'),
(1192, 'Jamiolle', 1, '5600'),
(1193, 'Jamioulx', 1, '6120'),
(1194, 'Jamoigne', 1, '6810'),
(1195, 'Jandrain-Jandrenouille', 1, '1350'),
(1196, 'Jauche', 1, '1350'),
(1197, 'Jauchelette', 1, '1370'),
(1198, 'Javingue', 1, '5570'),
(1199, 'Jehay', 1, '4540'),
(1200, 'Jehonville', 1, '6880'),
(1201, 'Jemappes', 1, '7012'),
(1202, 'Jemelle', 1, '5580'),
(1203, 'Jemeppe-sur-Meuse', 1, '4101'),
(1204, 'Jemeppe-sur-Sambre', 1, '5190'),
(1205, 'Jeneffe (Lg.)', 1, '4357'),
(1206, 'Jeneffe (Nam.)', 1, '5370'),
(1207, 'Jesseren', 1, '3840'),
(1208, 'Jette', 1, '1090'),
(1209, 'Jeuk', 1, '3890'),
(1210, 'Jodoigne', 1, '1370'),
(1211, 'Jodoigne-Souveraine', 1, '1370'),
(1212, 'Jollain-Merlin', 1, '7620'),
(1213, 'Joncret', 1, '6280'),
(1214, 'Julémont', 1, '4650'),
(1215, 'Jumet (Charleroi)', 1, '6040'),
(1216, 'Jupille-sur-Meuse', 1, '4020'),
(1217, 'Juprelle', 1, '4450'),
(1218, 'Jurbise', 1, '7050'),
(1219, 'Juseret', 1, '6642'),
(1220, 'Kaaskerke', 1, '8600'),
(1221, 'Kachtem', 1, '8870'),
(1222, 'Kaggevinne', 1, '3293'),
(1223, 'Kain (Tournai)', 1, '7540'),
(1224, 'Kalken', 1, '9270'),
(1225, 'Kallo (Beveren-Waas)', 1, '9120'),
(1226, 'Kallo (Kieldrecht)', 1, '9130'),
(1227, 'Kalmthout', 1, '2920'),
(1228, 'Kampenhout', 1, '1910'),
(1229, 'Kanegem', 1, '8700'),
(1230, 'Kanne', 1, '3770'),
(1231, 'Kapellen (Antw.)', 1, '2950'),
(1232, 'Kapellen (Bt.)', 1, '3381'),
(1233, 'Kapelle-op-den-Bos', 1, '1880'),
(1234, 'Kaprijke', 1, '9970'),
(1235, 'Kaster', 1, '8572'),
(1236, 'Kasterlee', 1, '2460'),
(1237, 'Kaulille', 1, '3950'),
(1238, 'Keerbergen', 1, '3140'),
(1239, 'Keiem', 1, '8600'),
(1240, 'Kelmis', 1, '4720'),
(1241, 'Kemexhe', 1, '4367'),
(1242, 'Kemmel', 1, '8956'),
(1243, 'Kemzeke', 1, '9190'),
(1244, 'Kerkhove', 1, '8581'),
(1245, 'Kerkom', 1, '3370'),
(1246, 'Kerkom-bij-Sint-Truiden', 1, '3800'),
(1247, 'Kerksken', 1, '9451'),
(1248, 'Kermt', 1, '3510'),
(1249, 'Kerniel', 1, '3840'),
(1250, 'Kersbeek-Miskom', 1, '3472'),
(1251, 'Kessel', 1, '2560'),
(1252, 'Kessel-Lo', 1, '3010'),
(1253, 'Kessenich', 1, '3640'),
(1254, 'Kester', 1, '1755'),
(1255, 'Kettenis', 1, '4701'),
(1256, 'Keumiée', 1, '5060'),
(1257, 'Kieldrecht (Beveren)', 1, '9130'),
(1258, 'Kinrooi', 1, '3640'),
(1259, 'Kleine-Brogel', 1, '3990'),
(1260, 'Kleine-Spouwen', 1, '3740'),
(1261, 'Klein-Gelmen', 1, '3870'),
(1262, 'Klemskerke', 1, '8420'),
(1263, 'Klerken', 1, '8650'),
(1264, 'Kluisbergen', 1, '9690'),
(1265, 'Kluizen', 1, '9940'),
(1266, 'Knesselare', 1, '9910'),
(1267, 'Knokke', 1, '8300'),
(1268, 'Knokke-Heist', 1, '8300'),
(1269, 'Kobbegem', 1, '1730'),
(1270, 'Koekelare', 1, '8680'),
(1271, 'Koekelberg', 1, '1081'),
(1272, 'Koersel', 1, '3582'),
(1273, 'Koksijde', 1, '8670'),
(1274, 'Kolmont (Borgloon)', 1, '3840'),
(1275, 'Kolmont (Tongeren)', 1, '3700'),
(1276, 'Komen', 1, '7780'),
(1277, 'Komen-Waasten', 1, '7780'),
(1278, 'Koningshooikt', 1, '2500'),
(1279, 'Koninksem', 1, '3700'),
(1280, 'Kontich', 1, '2550'),
(1281, 'Kooigem', 1, '8510'),
(1282, 'Koolkerke', 1, '8000'),
(1283, 'Koolskamp', 1, '8851'),
(1284, 'Korbeek-Dijle', 1, '3060'),
(1285, 'Korbeek-Lo', 1, '3360'),
(1286, 'Kortemark', 1, '8610'),
(1287, 'Kortenaken', 1, '3470'),
(1288, 'Kortenberg', 1, '3070'),
(1289, 'Kortessem', 1, '3720'),
(1290, 'Kortijs', 1, '3890'),
(1291, 'Kortrijk', 1, '8500'),
(1292, 'Kortrijk-Dutsel', 1, '3220'),
(1293, 'Kozen', 1, '3850'),
(1294, 'Kraainem', 1, '1950'),
(1295, 'Krombeke', 1, '8972'),
(1296, 'Kruibeke', 1, '9150'),
(1297, 'Kruishoutem', 1, '9770'),
(1298, 'Kumtich', 1, '3300'),
(1299, 'Kuringen', 1, '3511'),
(1300, 'Kuttekoven', 1, '3840'),
(1301, 'Kuurne', 1, '8520'),
(1302, 'Kwaadmechelen', 1, '3945'),
(1303, 'Kwaremont', 1, '9690'),
(1304, 'La Bouverie', 1, '7080'),
(1305, 'La Calamine', 1, '4720'),
(1306, 'La Glanerie', 1, '7611'),
(1307, 'La Gleize', 1, '4987'),
(1308, 'La Hestre', 1, '7170'),
(1309, 'La Hulpe', 1, '1310'),
(1310, 'La Louviére', 1, '7100'),
(1311, 'La Reid', 1, '4910'),
(1312, 'La Roche-en-Ardenne', 1, '6980'),
(1313, 'Laar', 1, '3400'),
(1314, 'Laarne', 1, '9270'),
(1315, 'Labuissiére', 1, '6567'),
(1316, 'Lacuisine', 1, '6821'),
(1317, 'Ladeuze', 1, '7950'),
(1318, 'Laeken', 1, '1020'),
(1319, 'Laforét', 1, '5550'),
(1320, 'Lahamaide', 1, '7890'),
(1321, 'Lamain', 1, '7522'),
(1322, 'Lambermont', 1, '4800'),
(1323, 'Lambusart', 1, '6220'),
(1324, 'Lamine', 1, '4350'),
(1325, 'Lamontzée', 1, '4210'),
(1326, 'Lamorteau', 1, '6767'),
(1327, 'Lampernisse', 1, '8600'),
(1328, 'Lanaken', 1, '3620'),
(1329, 'Lanaye', 1, '4600'),
(1330, 'Landegem', 1, '9850'),
(1331, 'Landelies', 1, '6111'),
(1332, 'Landen', 1, '3400'),
(1333, 'Landenne', 1, '5300'),
(1334, 'Landskouter', 1, '9860'),
(1335, 'Laneffe', 1, '5651'),
(1336, 'Langdorp', 1, '3201'),
(1337, 'Langemark', 1, '8920'),
(1338, 'Langemark-Poelkapelle', 1, '8920'),
(1339, 'Lanklaar', 1, '3650'),
(1340, 'Lanquesaint', 1, '7800'),
(1341, 'Lantin', 1, '4450'),
(1342, 'Lantremange', 1, '4300'),
(1343, 'Laplaigne', 1, '7622'),
(1344, 'Lapscheure', 1, '8340'),
(1345, 'Lasne', 1, '1380'),
(1346, 'Lasne-Chapelle-St-Lambert', 1, '1380'),
(1347, 'Lathuy', 1, '1370'),
(1348, 'Latinne', 1, '4261'),
(1349, 'Latour', 1, '6761'),
(1350, 'Lauw', 1, '3700'),
(1351, 'Lauwe', 1, '8930'),
(1352, 'Lavacherie', 1, '6681'),
(1353, 'Lavaux-Sainte-Anne', 1, '5580'),
(1354, 'Lavoir', 1, '4217'),
(1355, 'Le Mesnil', 1, '5670'),
(1356, 'Le Roeulx', 1, '7070'),
(1357, 'Le Roux', 1, '5070'),
(1358, 'Lebbeke', 1, '9280'),
(1359, 'L''Ecluse', 1, '1320'),
(1360, 'Lede', 1, '9340'),
(1361, 'Ledeberg (Gent)', 1, '9050'),
(1362, 'Ledegem', 1, '8880'),
(1363, 'Leefdaal', 1, '3061'),
(1364, 'Leerbeek', 1, '1755'),
(1365, 'Leernes', 1, '6142'),
(1366, 'Leers-et-Fosteau', 1, '6530'),
(1367, 'Leers-Nord', 1, '7730'),
(1368, 'Leest', 1, '2811'),
(1369, 'Leeuwergem', 1, '9620'),
(1370, 'Leffinge', 1, '8432'),
(1371, 'Léglise', 1, '6860'),
(1372, 'Leignon', 1, '5590'),
(1373, 'Leisele', 1, '8691'),
(1374, 'Leke', 1, '8600'),
(1375, 'Lembeek', 1, '1502'),
(1376, 'Lembeke', 1, '9971'),
(1377, 'Lemberge', 1, '9820'),
(1378, 'Lendelede', 1, '8860'),
(1379, 'Lennik', 1, '1750'),
(1380, 'Lens', 1, '7870'),
(1381, 'Lens-Saint-Remy', 1, '4280'),
(1382, 'Lens-Saint-Servais', 1, '4250'),
(1383, 'Lens-sur-Geer', 1, '4360'),
(1384, 'Leopoldsburg', 1, '3970'),
(1385, 'Les Avins', 1, '4560'),
(1386, 'Les Bulles', 1, '6811'),
(1387, 'Les Hayons', 1, '6830'),
(1388, 'Les Waleffes', 1, '4317'),
(1389, 'L''Escaillére', 1, '6464'),
(1390, 'Lesdain', 1, '7621'),
(1391, 'Lessines', 1, '7860'),
(1392, 'Lessive', 1, '5580'),
(1393, 'Lesterny', 1, '6953'),
(1394, 'Lesve', 1, '5170'),
(1395, 'Lettelingen', 1, '7850'),
(1396, 'Letterhoutem', 1, '9521'),
(1397, 'Leugnies', 1, '6500'),
(1398, 'Leupegem', 1, '9700'),
(1399, 'Leut', 1, '3630'),
(1400, 'Leuven', 1, '3000'),
(1401, 'Leuze (Nam.)', 1, '5310'),
(1402, 'Leuze-en-Hainaut', 1, '7900'),
(1403, 'Leval-Chaudeville', 1, '6500'),
(1404, 'Leval-Trahegnies', 1, '7134'),
(1405, 'Liberchies', 1, '6238'),
(1406, 'Libin', 1, '6890'),
(1407, 'Libramont-Chevigny', 1, '6800'),
(1408, 'Lichtaart', 1, '2460'),
(1409, 'Lichtervelde', 1, '8810'),
(1410, 'Liedekerke', 1, '1770'),
(1411, 'Lieferinge', 1, '9400'),
(1412, 'Liége 1', 1, '4000'),
(1413, 'Liége 2', 1, '4020'),
(1414, 'Lier', 1, '2500'),
(1415, 'Lierde', 1, '9570'),
(1416, 'Lierneux', 1, '4990'),
(1417, 'Liernu', 1, '5310'),
(1418, 'Liers', 1, '4042'),
(1419, 'Liezele', 1, '2870'),
(1420, 'Ligne', 1, '7812'),
(1421, 'Ligney', 1, '4254'),
(1422, 'Ligny', 1, '5140'),
(1423, 'Lille', 1, '2275'),
(1424, 'Lillo', 1, '2040'),
(1425, 'Lillois-Witterzée', 1, '1428'),
(1426, 'Limal', 1, '1300'),
(1427, 'Limbourg', 1, '4830'),
(1428, 'Limelette', 1, '1342'),
(1429, 'Limerlé', 1, '6670'),
(1430, 'Limont', 1, '4357'),
(1431, 'Lincent', 1, '4287'),
(1432, 'Linden', 1, '3210'),
(1433, 'Linkebeek', 1, '1630'),
(1434, 'Linkhout', 1, '3560'),
(1435, 'Linsmeau', 1, '1357'),
(1436, 'Lint', 1, '2547'),
(1437, 'Linter', 1, '3350'),
(1438, 'Lippelo', 1, '2890'),
(1439, 'Lisogne', 1, '5501'),
(1440, 'Lissewege', 1, '8380'),
(1441, 'Lives-sur-Meuse', 1, '5101'),
(1442, 'Lixhe', 1, '4600'),
(1443, 'Lo', 1, '8647'),
(1444, 'Lobbes', 1, '6540'),
(1445, 'Lochristi', 1, '9080'),
(1446, 'Lodelinsart', 1, '6042'),
(1447, 'Loenhout', 1, '2990'),
(1448, 'Loker', 1, '8958'),
(1449, 'Lokeren', 1, '9160'),
(1450, 'Loksbergen', 1, '3545'),
(1451, 'Lombardsijde', 1, '8434'),
(1452, 'Lombise', 1, '7870'),
(1453, 'Lommel', 1, '3920'),
(1454, 'Lommersweiler', 1, '4783'),
(1455, 'Lompret', 1, '6463'),
(1456, 'Lomprez', 1, '6924'),
(1457, 'Loncin', 1, '4431'),
(1458, 'Londerzeel', 1, '1840'),
(1459, 'Longchamps (Lux.)', 1, '6688'),
(1460, 'Longchamps (Nam.)', 1, '5310'),
(1461, 'Longlier', 1, '6840'),
(1462, 'Longueville', 1, '1325'),
(1463, 'Longvilly', 1, '6600'),
(1464, 'Lontzen', 1, '4710'),
(1465, 'Lonzée', 1, '5030'),
(1466, 'Loonbeek', 1, '3040'),
(1467, 'Loppem', 1, '8210'),
(1468, 'Lorcé', 1, '4987'),
(1469, 'Lo-Reninge', 1, '8647'),
(1470, 'Lot', 1, '1651'),
(1471, 'Lotenhulle', 1, '9880'),
(1472, 'Louette-Saint-Denis', 1, '5575'),
(1473, 'Louette-Saint-Pierre', 1, '5575'),
(1474, 'Loupoigne', 1, '1471'),
(1475, 'Louvain-la-Neuve', 1, '1348'),
(1476, 'Louveigné (Aywaille)', 1, '4920'),
(1477, 'Louveigné (Sprimont)', 1, '4141'),
(1478, 'Lovendegem', 1, '9920'),
(1479, 'Lovenjoel', 1, '3360'),
(1480, 'Loverval', 1, '6280'),
(1481, 'Loyers', 1, '5101'),
(1482, 'Lubbeek', 1, '3210'),
(1483, 'Luingne', 1, '7700'),
(1484, 'Lummen', 1, '3560'),
(1485, 'Lustin', 1, '5170'),
(1486, 'Luttre', 1, '6238'),
(1487, 'LUXEMBOURG (BEGGEN)', 1, 'L121'),
(1488, 'Maarkedal', 1, '9680'),
(1489, 'Maarke-Kerkem', 1, '9680'),
(1490, 'Maaseik', 1, '3680'),
(1491, 'Maasmechelen', 1, '3630'),
(1492, 'Mabompré', 1, '6663'),
(1493, 'Machelen (Bt)', 1, '1830'),
(1494, 'Machelen (O.-Vl.)', 1, '9870'),
(1495, 'Macon', 1, '6591'),
(1496, 'Macquenoise', 1, '6593'),
(1497, 'Maffe', 1, '5374'),
(1498, 'Maffle', 1, '7810'),
(1499, 'Magnée', 1, '4623'),
(1500, 'Maillen', 1, '5330'),
(1501, 'Mainvault', 1, '7812'),
(1502, 'Maisiéres', 1, '7020'),
(1503, 'Maissin', 1, '6852'),
(1504, 'Maizeret', 1, '5300'),
(1505, 'Mal', 1, '3700'),
(1506, 'Maldegem', 1, '9990'),
(1507, 'Malderen', 1, '1840'),
(1508, 'Malempré', 1, '6960'),
(1509, 'Maléves-Ste-Marie-Wastines', 1, '1360'),
(1510, 'Malle', 1, '2390'),
(1511, 'Malmédy', 1, '4960'),
(1512, 'Malonne', 1, '5020'),
(1513, 'Malvoisin', 1, '5575'),
(1514, 'Manage', 1, '7170'),
(1515, 'Manderfeld', 1, '4760'),
(1516, 'Manhay', 1, '6960'),
(1517, 'Mannekensvere', 1, '8433'),
(1518, 'Maransart', 1, '1380'),
(1519, 'Marbais (Bt.)', 1, '1495'),
(1520, 'Marbaix (Ht.)', 1, '6120'),
(1521, 'Marche-en-Famenne', 1, '6900'),
(1522, 'Marche-les-Dames', 1, '5024'),
(1523, 'Marche-lez-Ecaussinnes', 1, '7190'),
(1524, 'Marchienne-au-Pont', 1, '6030'),
(1525, 'Marchin', 1, '4570'),
(1526, 'Marchipont', 1, '7387'),
(1527, 'Marchovelette', 1, '5380'),
(1528, 'Marcinelle', 1, '6001'),
(1529, 'Marcourt', 1, '6987'),
(1530, 'Marcq', 1, '7850'),
(1531, 'Marenne', 1, '6990'),
(1532, 'Mariakerke (Gent)', 1, '9030'),
(1533, 'Mariekerke (Bornem)', 1, '2880'),
(1534, 'Mariembourg', 1, '5660'),
(1535, 'Marilles', 1, '1350'),
(1536, 'Mark', 1, '7850'),
(1537, 'Marke (Kortrijk)', 1, '8510'),
(1538, 'Markegem', 1, '8720'),
(1539, 'Marneffe', 1, '4210'),
(1540, 'Marquain', 1, '7522'),
(1541, 'Martelange', 1, '6630'),
(1542, 'Martenslinde', 1, '3742'),
(1543, 'Martouzin-Neuville', 1, '5573'),
(1544, 'Masbourg', 1, '6953'),
(1545, 'Masnuy-Saint-Jean (Mons)', 1, '7020'),
(1546, 'Masnuy-Saint-Pierre', 1, '7050'),
(1547, 'Masnuy-St-Jean (Jurbise)', 1, '7050'),
(1548, 'Massemen', 1, '9230'),
(1549, 'Massenhoven', 1, '2240'),
(1550, 'Matagne-la-Grande', 1, '5680'),
(1551, 'Matagne-la-Petite', 1, '5680'),
(1552, 'Mater', 1, '9700'),
(1553, 'Maubray', 1, '7640'),
(1554, 'Maulde', 1, '7534'),
(1555, 'Maurage', 1, '7110'),
(1556, 'Mazée', 1, '5670'),
(1557, 'Mazenzele', 1, '1745'),
(1558, 'Mazy', 1, '5032'),
(1559, 'Méan', 1, '5372'),
(1560, 'Mechelen', 1, '2800'),
(1561, 'Mechelen-aan-de-Maas', 1, '3630'),
(1562, 'Mechelen-Bovelingen', 1, '3870'),
(1563, 'Meeffe', 1, '4219'),
(1564, 'Meensel-Kiezegem', 1, '3391'),
(1565, 'Meer', 1, '2321'),
(1566, 'Meerbeek', 1, '3078'),
(1567, 'Meerbeke', 1, '9402'),
(1568, 'Meerdonk', 1, '9170'),
(1569, 'Meerhout', 1, '2450'),
(1570, 'Meerle', 1, '2328'),
(1571, 'Meeswijk', 1, '3630'),
(1572, 'Meetkerke', 1, '8377'),
(1573, 'Meeuwen', 1, '3670'),
(1574, 'Meeuwen-Gruitrode', 1, '3670'),
(1575, 'Mehaigne', 1, '5310'),
(1576, 'Meigem', 1, '9800'),
(1577, 'Meilegem', 1, '9630'),
(1578, 'Meise', 1, '1860'),
(1579, 'Meix-devant-Virton', 1, '6769'),
(1580, 'Meix-le-Tige', 1, '6747'),
(1581, 'Melden', 1, '9700'),
(1582, 'Meldert (Bt.)', 1, '3320'),
(1583, 'Meldert (Limb.)', 1, '3560'),
(1584, 'Meldert (O.-Vl.)', 1, '9310'),
(1585, 'Melen', 1, '4633'),
(1586, 'Mélin', 1, '1370'),
(1587, 'Melkwezer', 1, '3350'),
(1588, 'Melle', 1, '9090'),
(1589, 'Mellery', 1, '1495'),
(1590, 'Melles', 1, '7540'),
(1591, 'Mellet', 1, '6211'),
(1592, 'Mellier', 1, '6860'),
(1593, 'Melsbroek', 1, '1820'),
(1594, 'Melsele', 1, '9120'),
(1595, 'Melsen', 1, '9820'),
(1596, 'Membach', 1, '4837'),
(1597, 'Membre', 1, '5550'),
(1598, 'Membruggen', 1, '3770'),
(1599, 'Mendonk', 1, '9042'),
(1600, 'Menen', 1, '8930'),
(1601, 'Merbes-le-Chéteau', 1, '6567'),
(1602, 'Merbes-Sainte-Marie', 1, '6567'),
(1603, 'Merchtem', 1, '1785'),
(1604, 'Merdorp', 1, '4280'),
(1605, 'Mere', 1, '9420'),
(1606, 'Merelbeke', 1, '9820'),
(1607, 'Merendree', 1, '9850'),
(1608, 'Merkem', 1, '8650'),
(1609, 'Merksem (Antwerpen)', 1, '2170'),
(1610, 'Merksplas', 1, '2330'),
(1611, 'Merlemont', 1, '5600'),
(1612, 'Mesen', 1, '8957'),
(1613, 'Meslin-l''Evéque', 1, '7822'),
(1614, 'Mesnil-Eglise', 1, '5560'),
(1615, 'Mesnil-Saint-Blaise', 1, '5560'),
(1616, 'Mespelare', 1, '9200'),
(1617, 'Messancy', 1, '6780'),
(1618, 'Messelbroek', 1, '3272'),
(1619, 'Messines', 1, '8957'),
(1620, 'Mesvin', 1, '7022'),
(1621, 'Mettekoven', 1, '3870'),
(1622, 'Mettet', 1, '5640'),
(1623, 'Meulebeke', 1, '8760'),
(1624, 'Meux', 1, '5081'),
(1625, 'Mévergnies-lez-Lens', 1, '7942'),
(1626, 'Meyrode', 1, '4770'),
(1627, 'Michelbeke', 1, '9660'),
(1628, 'Micheroux', 1, '4630'),
(1629, 'Middelburg', 1, '9992'),
(1630, 'Middelkerke', 1, '8430'),
(1631, 'Miécret', 1, '5376'),
(1632, 'Mielen-boven-Aalst', 1, '3891');
INSERT INTO Localite (id, nom, idPays, codePostal) VALUES
(1633, 'Mignault', 1, '7070'),
(1634, 'Millen', 1, '3770'),
(1635, 'Milmort', 1, '4041'),
(1636, 'Minderhout', 1, '2322'),
(1637, 'Mirwart', 1, '6870'),
(1638, 'Modave', 1, '4577'),
(1639, 'Moelingen', 1, '3790'),
(1640, 'Moen', 1, '8552'),
(1641, 'Moerbeke', 1, '9500'),
(1642, 'Moerbeke-Waas', 1, '9180'),
(1643, 'Moere', 1, '8470'),
(1644, 'Moerkerke', 1, '8340'),
(1645, 'Moerzeke', 1, '9220'),
(1646, 'Moeskroen', 1, '7700'),
(1647, 'Moha', 1, '4520'),
(1648, 'Mohiville', 1, '5361'),
(1649, 'Moignelée', 1, '5060'),
(1650, 'Moircy', 1, '6800'),
(1651, 'Mol', 1, '2400'),
(1652, 'Molenbaix', 1, '7760'),
(1653, 'Molenbeek-Saint-Jean', 1, '1080'),
(1654, 'Molenbeek-Wersbeek', 1, '3461'),
(1655, 'Molenbeersel', 1, '3640'),
(1656, 'Molenstede', 1, '3294'),
(1657, 'Mollem', 1, '1730'),
(1658, 'Momalle', 1, '4350'),
(1659, 'Momignies', 1, '6590'),
(1660, 'Monceau-en-Ardenne', 1, '5555'),
(1661, 'Monceau-Imbrechies', 1, '6592'),
(1662, 'Monceau-sur-Sambre', 1, '6031'),
(1663, 'Mons', 1, '7000'),
(1664, 'Mons-lez-Liége', 1, '4400'),
(1665, 'Monstreux', 1, '1400'),
(1666, 'Mont (Lux.)', 1, '6661'),
(1667, 'Mont (Nam.)', 1, '5530'),
(1668, 'Montbliart', 1, '6470'),
(1669, 'Mont-de-l''Enclus', 1, '7750'),
(1670, 'Montegnée', 1, '4420'),
(1671, 'Montenaken', 1, '3890'),
(1672, 'Mont-Gauthier', 1, '5580'),
(1673, 'Montignies-lez-Lens', 1, '7870'),
(1674, 'Montignies-St-Christophe', 1, '6560'),
(1675, 'Montignies-sur-Roc', 1, '7387'),
(1676, 'Montignies-sur-Sambre', 1, '6061'),
(1677, 'Montigny-le-Tilleul', 1, '6110'),
(1678, 'Montleban', 1, '6674'),
(1679, 'Montroeul-au-Bois', 1, '7911'),
(1680, 'Montroeul-sur-Haine', 1, '7350'),
(1681, 'Mont-Saint-André', 1, '1367'),
(1682, 'Mont-Saint-Aubert', 1, '7542'),
(1683, 'Mont-Sainte-Aldegonde', 1, '7141'),
(1684, 'Mont-Sainte-Geneviéve', 1, '6540'),
(1685, 'Mont-Saint-Guibert', 1, '1435'),
(1686, 'Mont-sur-Marchienne', 1, '6032'),
(1687, 'Montzen', 1, '4850'),
(1688, 'Moorsel', 1, '9310'),
(1689, 'Moorsele', 1, '8560'),
(1690, 'Moorslede', 1, '8890'),
(1691, 'Moortsele', 1, '9860'),
(1692, 'Mopertingen', 1, '3740'),
(1693, 'Moregem', 1, '9790'),
(1694, 'Moresnet', 1, '4850'),
(1695, 'Morhet', 1, '6640'),
(1696, 'Morialmé', 1, '5621'),
(1697, 'Morkhoven', 1, '2200'),
(1698, 'Morlanwelz', 1, '7140'),
(1699, 'Morlanwelz-Mariemont', 1, '7140'),
(1700, 'Mormont', 1, '6997'),
(1701, 'Mornimont', 1, '5190'),
(1702, 'Mortier', 1, '4670'),
(1703, 'Mortroux', 1, '4607'),
(1704, 'Mortsel', 1, '2640'),
(1705, 'Morville', 1, '5620'),
(1706, 'Mouland', 1, '3790'),
(1707, 'Moulbaix', 1, '7812'),
(1708, 'Mourcourt', 1, '7543'),
(1709, 'Mouscron', 1, '7700'),
(1710, 'Moustier (Ht.)', 1, '7911'),
(1711, 'Moustier-sur-Sambre', 1, '5190'),
(1712, 'Mouzaive', 1, '5550'),
(1713, 'Moxhe', 1, '4280'),
(1714, 'Mozet', 1, '5340'),
(1715, 'Muizen (Limb.)', 1, '3891'),
(1716, 'Muizen (Mechelen)', 1, '2812'),
(1717, 'Mullem', 1, '9700'),
(1718, 'Munkzwalm', 1, '9630'),
(1719, 'Muno', 1, '6820'),
(1720, 'Munsterbilzen', 1, '3740'),
(1721, 'Munte', 1, '9820'),
(1722, 'Musson', 1, '6750'),
(1723, 'Mussy-la-Ville', 1, '6750'),
(1724, 'My', 1, '4190'),
(1725, 'Naast', 1, '7062'),
(1726, 'Nadrin', 1, '6660'),
(1727, 'Nafraiture', 1, '5550'),
(1728, 'Nalinnes', 1, '6120'),
(1729, 'Naméche', 1, '5300'),
(1730, 'Namur', 1, '5000'),
(1731, 'Nandrin', 1, '4550'),
(1732, 'Naninne', 1, '5100'),
(1733, 'Naomé', 1, '5555'),
(1734, 'Nassogne', 1, '6950'),
(1735, 'Natoye', 1, '5360'),
(1736, 'Nazareth', 1, '9810'),
(1737, 'Néchin', 1, '7730'),
(1738, 'Neder-over-Heembeek', 1, '1120'),
(1739, 'Nederboelare', 1, '9500'),
(1740, 'Nederbrakel', 1, '9660'),
(1741, 'Nederename', 1, '9700'),
(1742, 'Nederhasselt', 1, '9400'),
(1743, 'Nederokkerzeel', 1, '1910'),
(1744, 'Nederzwalm-Hermelgem', 1, '9636'),
(1745, 'Neerglabbeek', 1, '3670'),
(1746, 'Neerharen', 1, '3620'),
(1747, 'Neerhespen', 1, '3350'),
(1748, 'Neerheylissem', 1, '1357'),
(1749, 'Neerijse', 1, '3040'),
(1750, 'Neerlanden', 1, '3404'),
(1751, 'Neerlinter', 1, '3350'),
(1752, 'Neeroeteren', 1, '3680'),
(1753, 'Neerpelt', 1, '3910'),
(1754, 'Neerrepen', 1, '3700'),
(1755, 'Neervelp', 1, '3370'),
(1756, 'Neerwaasten', 1, '7784'),
(1757, 'Neerwinden', 1, '3400'),
(1758, 'Neigem', 1, '9403'),
(1759, 'Nerem', 1, '3700'),
(1760, 'Nessonvaux', 1, '4870'),
(1761, 'Nethen', 1, '1390'),
(1762, 'Nettinne', 1, '5377'),
(1763, 'Neufchéteau', 1, '6840'),
(1764, 'Neufchéteau (Lg.)', 1, '4608'),
(1765, 'Neufmaison', 1, '7332'),
(1766, 'Neufvilles', 1, '7063'),
(1767, 'Neu-Moresnet', 1, '4721'),
(1768, 'Neupré', 1, '4120'),
(1769, 'Neuville (Philippeville)', 1, '5600'),
(1770, 'Neuville-en-Condroz', 1, '4121'),
(1771, 'Nevele', 1, '9850'),
(1772, 'Niel', 1, '2845'),
(1773, 'Niel-bij-As', 1, '3668'),
(1774, 'Niel-bij-Sint-Truiden', 1, '3890'),
(1775, 'Nieuwenhove', 1, '9506'),
(1776, 'Nieuwenrode', 1, '1880'),
(1777, 'Nieuwerkerken (Aalst)', 1, '9320'),
(1778, 'Nieuwerkerken (Limb.)', 1, '3850'),
(1779, 'Nieuwkapelle', 1, '8600'),
(1780, 'Nieuwkerke', 1, '8950'),
(1781, 'Nieuwkerken-Waas', 1, '9100'),
(1782, 'Nieuwmunster', 1, '8377'),
(1783, 'Nieuwpoort', 1, '8620'),
(1784, 'Nieuwrode', 1, '3221'),
(1785, 'Nijlen', 1, '2560'),
(1786, 'Nil-St-Vincent-St-Martin', 1, '1457'),
(1787, 'Nimy (Mons)', 1, '7020'),
(1788, 'Ninove', 1, '9400'),
(1789, 'Nismes', 1, '5670'),
(1790, 'Nivelles', 1, '1400'),
(1791, 'Niverlée', 1, '5680'),
(1792, 'Nives', 1, '6640'),
(1793, 'Nobressart', 1, '6717'),
(1794, 'Nodebais', 1, '1320'),
(1795, 'Noduwez', 1, '1350'),
(1796, 'Noirchain', 1, '7080'),
(1797, 'Noirefontaine', 1, '6831'),
(1798, 'Noiseux', 1, '5377'),
(1799, 'Nokere', 1, '9771'),
(1800, 'Nollevaux', 1, '6851'),
(1801, 'Noorderwijk', 1, '2200'),
(1802, 'Noordschote', 1, '8647'),
(1803, 'Nossegem', 1, '1930'),
(1804, 'Nothomb', 1, '6717'),
(1805, 'Nouvelles', 1, '7022'),
(1806, 'Noville (Lg.)', 1, '4347'),
(1807, 'Noville (Lux.)', 1, '6600'),
(1808, 'Noville-les-Bois', 1, '5380'),
(1809, 'Noville-sur-Méhaigne', 1, '5310'),
(1810, 'Nukerke', 1, '9681'),
(1811, 'Obaix', 1, '6230'),
(1812, 'Obigies', 1, '7743'),
(1813, 'Obourg', 1, '7034'),
(1814, 'Ochamps', 1, '6890'),
(1815, 'Ocquier', 1, '4560'),
(1816, 'Odeigne', 1, '6960'),
(1817, 'Odeur', 1, '4367'),
(1818, 'Oedelem', 1, '8730'),
(1819, 'Oekene', 1, '8800'),
(1820, 'Oelegem', 1, '2520'),
(1821, 'Oeren', 1, '8690'),
(1822, 'Oeselgem', 1, '8720'),
(1823, 'Oetingen', 1, '1755'),
(1824, 'Oeudeghien', 1, '7911'),
(1825, 'Oevel', 1, '2260'),
(1826, 'Offagne', 1, '6850'),
(1827, 'Ogy', 1, '7862'),
(1828, 'Ohain', 1, '1380'),
(1829, 'Ohey', 1, '5350'),
(1830, 'Oignies-en-Thiérache', 1, '5670'),
(1831, 'Oisquercq', 1, '1480'),
(1832, 'Oizy', 1, '5555'),
(1833, 'Okegem', 1, '9400'),
(1834, 'Olen', 1, '2250'),
(1835, 'Oleye', 1, '4300'),
(1836, 'Ollignies', 1, '7866'),
(1837, 'Olloy-sur-Viroin', 1, '5670'),
(1838, 'Olmen', 1, '2491'),
(1839, 'Olne', 1, '4877'),
(1840, 'Olsene', 1, '9870'),
(1841, 'Omal', 1, '4252'),
(1842, 'Ombret', 1, '4540'),
(1843, 'Omezée', 1, '5600'),
(1844, 'On', 1, '6900'),
(1845, 'Onhaye', 1, '5520'),
(1846, 'Onkerzele', 1, '9500'),
(1847, 'Onnezies', 1, '7387'),
(1848, 'Onoz', 1, '5190'),
(1849, 'Onze-Lieve-Vrouw-Lombeek', 1, '1760'),
(1850, 'Onze-Lieve-Vrouw-Waver', 1, '2861'),
(1851, 'Ooigem', 1, '8710'),
(1852, 'Ooike (Oudenaarde)', 1, '9700'),
(1853, 'Ooike (Wortegem-Petegem)', 1, '9790'),
(1854, 'Oomb.(St-Lievens-Houtem)', 1, '9520'),
(1855, 'Oombergen (Zottegem)', 1, '9620'),
(1856, 'Oorbeek', 1, '3300'),
(1857, 'Oordegem', 1, '9340'),
(1858, 'Oostakker', 1, '9041'),
(1859, 'Oostduinkerke', 1, '8670'),
(1860, 'Oosteeklo', 1, '9968'),
(1861, 'Oostende', 1, '8400'),
(1862, 'Oosterzele', 1, '9860'),
(1863, 'Oostham', 1, '3945'),
(1864, 'Oostkamp', 1, '8020'),
(1865, 'Oostkerke (Damme)', 1, '8340'),
(1866, 'Oostkerke (Diksmuide)', 1, '8600'),
(1867, 'Oostmalle', 1, '2390'),
(1868, 'Oostnieuwkerke', 1, '8840'),
(1869, 'Oostrozebeke', 1, '8780'),
(1870, 'Oostvleteren', 1, '8640'),
(1871, 'Oostwinkel', 1, '9931'),
(1872, 'Opbrakel', 1, '9660'),
(1873, 'Opdorp', 1, '9255'),
(1874, 'Opglabbeek', 1, '3660'),
(1875, 'Opgrimbie', 1, '3630'),
(1876, 'Ophain-Bois-Seigneur-Isaac', 1, '1421'),
(1877, 'Ophasselt', 1, '9500'),
(1878, 'Opheers', 1, '3870'),
(1879, 'Opheylissem', 1, '1357'),
(1880, 'Ophoven', 1, '3640'),
(1881, 'Opitter', 1, '3960'),
(1882, 'Oplinter', 1, '3300'),
(1883, 'Opoeteren', 1, '3680'),
(1884, 'Opont', 1, '6852'),
(1885, 'Opprebais', 1, '1315'),
(1886, 'Oppuurs', 1, '2890'),
(1887, 'Opvelp', 1, '3360'),
(1888, 'Opwijk', 1, '1745'),
(1889, 'Orbais', 1, '1360'),
(1890, 'Orchimont', 1, '5550'),
(1891, 'Orcq', 1, '7501'),
(1892, 'Ordingen', 1, '3800'),
(1893, 'Oret', 1, '5640'),
(1894, 'Oreye', 1, '4360'),
(1895, 'Orgeo', 1, '6880'),
(1896, 'Ormeignies', 1, '7802'),
(1897, 'Orp-Jauche', 1, '1350'),
(1898, 'Orp-le-Grand', 1, '1350'),
(1899, 'Orroir', 1, '7750'),
(1900, 'Orsmaal-Gussenhoven', 1, '3350'),
(1901, 'Ortho', 1, '6983'),
(1902, 'Ostiches', 1, '7804'),
(1903, 'Otegem', 1, '8553'),
(1904, 'Oteppe', 1, '4210'),
(1905, 'Othée', 1, '4340'),
(1906, 'Otrange', 1, '4360'),
(1907, 'Ottenburg', 1, '3040'),
(1908, 'Ottergem', 1, '9420'),
(1909, 'Ottignies', 1, '1340'),
(1910, 'Oudegem', 1, '9200'),
(1911, 'Oudekapelle', 1, '8600'),
(1912, 'Oudenaarde', 1, '9700'),
(1913, 'Oudenaken', 1, '1600'),
(1914, 'Oudenburg', 1, '8460'),
(1915, 'Oudergem', 1, '1160'),
(1916, 'Oud-Heverlee', 1, '3050'),
(1917, 'Oud-Turnhout', 1, '2360'),
(1918, 'Ouffet', 1, '4590'),
(1919, 'Ougrée', 1, '4102'),
(1920, 'Oupeye', 1, '4680'),
(1921, 'Outer', 1, '9406'),
(1922, 'Outgaarden', 1, '3321'),
(1923, 'Outrelouxhe', 1, '4577'),
(1924, 'Outrijve', 1, '8582'),
(1925, 'Ouwegem', 1, '9750'),
(1926, 'Overboelare', 1, '9500'),
(1927, 'Overhespen', 1, '3350'),
(1928, 'Overijse', 1, '3090'),
(1929, 'Overmere', 1, '9290'),
(1930, 'Overpelt', 1, '3900'),
(1931, 'Overrepen', 1, '3700'),
(1932, 'Overwinden', 1, '3400'),
(1933, 'Paal', 1, '3583'),
(1934, 'Paifve', 1, '4452'),
(1935, 'Pailhe', 1, '4560'),
(1936, 'Paliseul', 1, '6850'),
(1937, 'Pamel', 1, '1760'),
(1938, 'Papignies', 1, '7861'),
(1939, 'Parike', 1, '9661'),
(1940, 'PARIS', 1, '7500'),
(1941, 'Passendale', 1, '8980'),
(1942, 'Patignies', 1, '5575'),
(1943, 'Péturages', 1, '7340'),
(1944, 'Paulatem', 1, '9630'),
(1945, 'Pecq', 1, '7740'),
(1946, 'Peer', 1, '3990'),
(1947, 'Peissant', 1, '7120'),
(1948, 'Pellaines', 1, '4287'),
(1949, 'Pellenberg', 1, '3212'),
(1950, 'Pepingen', 1, '1670'),
(1951, 'Pepinster', 1, '4860'),
(1952, 'Perk', 1, '1820'),
(1953, 'Péronnes-lez-Antoing', 1, '7640'),
(1954, 'Péronnes-lez-Binche', 1, '7134'),
(1955, 'Péruwelz', 1, '7600'),
(1956, 'Pervijze', 1, '8600'),
(1957, 'Perwez', 1, '1360'),
(1958, 'Perwez-Haillot', 1, '5352'),
(1959, 'Pesche', 1, '5660'),
(1960, 'Pessoux', 1, '5590'),
(1961, 'Petegem-aan-de-Leie', 1, '9800'),
(1962, 'Petegem-aan-de-Schelde', 1, '9790'),
(1963, 'Petigny', 1, '5660'),
(1964, 'Petite-Chapelle', 1, '5660'),
(1965, 'Petit-Enghien', 1, '7850'),
(1966, 'Petit-Fays', 1, '5555'),
(1967, 'Petit-Hallet', 1, '4280'),
(1968, 'Petit-Rechain', 1, '4800'),
(1969, 'Petit-Roeulx-lez-Braine', 1, '7090'),
(1970, 'Petit-Roeulx-lez-Nivelles', 1, '7181'),
(1971, 'Petit-Thier', 1, '6692'),
(1972, 'Peutie', 1, '1800'),
(1973, 'Philippeville', 1, '5600'),
(1974, 'Piéton', 1, '7160'),
(1975, 'Piétrain', 1, '1370'),
(1976, 'Piétrebais', 1, '1315'),
(1977, 'Pipaix', 1, '7904'),
(1978, 'Piringen', 1, '3700'),
(1979, 'Pironchamps', 1, '6240'),
(1980, 'Pittem', 1, '8740'),
(1981, 'Plainevaux', 1, '4122'),
(1982, 'Plancenoit', 1, '1380'),
(1983, 'Ploegsteert', 1, '7782'),
(1984, 'Plombiéres', 1, '4850'),
(1985, 'Poederlee', 1, '2275'),
(1986, 'Poeke', 1, '9880'),
(1987, 'Poelkapelle', 1, '8920'),
(1988, 'Poesele', 1, '9850'),
(1989, 'Pollare', 1, '9401'),
(1990, 'Polleur (Theux)', 1, '4910'),
(1991, 'Polleur (Verviers)', 1, '4800'),
(1992, 'Pollinkhove', 1, '8647'),
(1993, 'Pommeroeul', 1, '7322'),
(1994, 'Pondréme', 1, '5574'),
(1995, 'Pont-é-Celles', 1, '6230'),
(1996, 'Pont-de-Loup', 1, '6250'),
(1997, 'Pontillas', 1, '5380'),
(1998, 'Poperinge', 1, '8970'),
(1999, 'Poppel', 1, '2382'),
(2000, 'Popuelles', 1, '7760'),
(2001, 'Porcheresse (Lux.)', 1, '6929'),
(2002, 'Porcheresse (Nam.)', 1, '5370'),
(2003, 'Pottes', 1, '7760'),
(2004, 'Poucet', 1, '4280'),
(2005, 'Poulseur', 1, '4171'),
(2006, 'Poupehan', 1, '6830'),
(2007, 'Pousset', 1, '4350'),
(2008, 'Presgaux', 1, '5660'),
(2009, 'Presles', 1, '6250'),
(2010, 'Profondeville', 1, '5170'),
(2011, 'Proven', 1, '8972'),
(2012, 'Pry', 1, '5650'),
(2013, 'Pulderbos', 1, '2242'),
(2014, 'Pulle', 1, '2243'),
(2015, 'Purnode', 1, '5530'),
(2016, 'Pussemange', 1, '5550'),
(2017, 'Putte', 1, '2580'),
(2018, 'Puurs', 1, '2870'),
(2019, 'Quaregnon', 1, '7390'),
(2020, 'Quartes', 1, '7540'),
(2021, 'Quenast', 1, '1430'),
(2022, 'Queue-du-Bois', 1, '4610'),
(2023, 'Quevaucamps', 1, '7972'),
(2024, 'Quévy-le-Grand', 1, '7040'),
(2025, 'Quévy-le-Petit', 1, '7040'),
(2026, 'Quiévrain', 1, '7380'),
(2027, 'Rachecourt', 1, '6792'),
(2028, 'Racour', 1, '4287'),
(2029, 'Raeren', 1, '4730'),
(2030, 'Ragnies', 1, '6532'),
(2031, 'Rahier', 1, '4987'),
(2032, 'Ramegnies', 1, '7971'),
(2033, 'Ramegnies-Chin', 1, '7520'),
(2034, 'Ramelot', 1, '4557'),
(2035, 'Ramillies', 1, '1367'),
(2036, 'Ramsdonk', 1, '1880'),
(2037, 'Ramsel', 1, '2230'),
(2038, 'Ramskapelle (Knokke-Heist)', 1, '8301'),
(2039, 'Ramskapelle (Nieuwpoort)', 1, '8620'),
(2040, 'Rance', 1, '6470'),
(2041, 'Ransart', 1, '6043'),
(2042, 'Ransberg', 1, '3470'),
(2043, 'Ranst', 1, '2520'),
(2044, 'Ravels', 1, '2380'),
(2045, 'Rebaix', 1, '7804'),
(2046, 'Rebecq', 1, '1430'),
(2047, 'Rebecq-Rognon', 1, '1430'),
(2048, 'Recht', 1, '4780'),
(2049, 'Recogne', 1, '6800'),
(2050, 'Redu', 1, '6890'),
(2051, 'Reet', 1, '2840'),
(2052, 'Rekem', 1, '3621'),
(2053, 'Rekkem', 1, '8930'),
(2054, 'Relegem', 1, '1731'),
(2055, 'Remagne', 1, '6800'),
(2056, 'Remersdaal', 1, '3791'),
(2057, 'Remicourt', 1, '4350'),
(2058, 'Renaix', 1, '9600'),
(2059, 'Rendeux', 1, '6987'),
(2060, 'Reninge', 1, '8647'),
(2061, 'Reningelst', 1, '8970'),
(2062, 'Renlies', 1, '6500'),
(2063, 'Reppel', 1, '3950'),
(2064, 'Ressaix', 1, '7134'),
(2065, 'Ressegem', 1, '9551'),
(2066, 'Resteigne', 1, '6927'),
(2067, 'Retie', 1, '2470'),
(2068, 'Retinne', 1, '4621'),
(2069, 'Reuland', 1, '4790'),
(2070, 'Réves', 1, '6210'),
(2071, 'Rhisnes', 1, '5080'),
(2072, 'Rhode-Saint-Genése', 1, '1640'),
(2073, 'Richelle', 1, '4600'),
(2074, 'Riemst', 1, '3770'),
(2075, 'Rienne', 1, '5575'),
(2076, 'Riézes', 1, '6464'),
(2077, 'Rijkel', 1, '3840'),
(2078, 'Rijkevorsel', 1, '2310'),
(2079, 'Rijkhoven', 1, '3740'),
(2080, 'Rijmenam', 1, '2820'),
(2081, 'Riksingen', 1, '3700'),
(2082, 'Rillaar', 1, '3202'),
(2083, 'Riviére', 1, '5170'),
(2084, 'Rixensart', 1, '1330'),
(2085, 'Robechies', 1, '6460'),
(2086, 'Robelmont', 1, '6769'),
(2087, 'Robertville', 1, '4950'),
(2088, 'Roborst', 1, '9630'),
(2089, 'Rochefort', 1, '5580'),
(2090, 'Rochehaut', 1, '6830'),
(2091, 'Rocherath', 1, '4761'),
(2092, 'Roclenge-sur-Geer', 1, '4690'),
(2093, 'Rocourt', 1, '4000'),
(2094, 'Roesbrugge-Haringe', 1, '8972'),
(2095, 'Roeselare', 1, '8800'),
(2096, 'Rognée', 1, '5651'),
(2097, 'Roisin', 1, '7387'),
(2098, 'Roksem', 1, '8460'),
(2099, 'Rollegem', 1, '8510'),
(2100, 'Rollegem-Kapelle', 1, '8880'),
(2101, 'Roloux', 1, '4347'),
(2102, 'Roly', 1, '5600'),
(2103, 'Romedenne', 1, '5600'),
(2104, 'Romerée', 1, '5680'),
(2105, 'Romershoven', 1, '3730'),
(2106, 'Romsée', 1, '4624'),
(2107, 'Rongy', 1, '7623'),
(2108, 'Ronquiéres', 1, '7090'),
(2109, 'Ronse', 1, '9600'),
(2110, 'Ronsele', 1, '9932'),
(2111, 'Roosbeek', 1, '3370'),
(2112, 'Roosdaal', 1, '1760'),
(2113, 'ROQUEFORT', 1, '4012'),
(2114, 'Rosée', 1, '5620'),
(2115, 'Roselies', 1, '6250'),
(2116, 'Rosiéres', 1, '1331'),
(2117, 'Rosmeer', 1, '3740'),
(2118, 'Rosoux-Crenwick', 1, '4257'),
(2119, 'Rossignol', 1, '6730'),
(2120, 'Rotem', 1, '3650'),
(2121, 'Rotheux-Rimiére', 1, '4120'),
(2122, 'Rotselaar', 1, '3110'),
(2123, 'Roucourt', 1, '7601'),
(2124, 'Rouveroy (Ht.)', 1, '7120'),
(2125, 'Rouvreux', 1, '4140'),
(2126, 'Rouvroy', 1, '6767'),
(2127, 'Roux', 1, '6044'),
(2128, 'Roux-Miroir', 1, '1315'),
(2129, 'Roy', 1, '6900'),
(2130, 'Rozebeke', 1, '9630'),
(2131, 'Ruddervoorde', 1, '8020'),
(2132, 'Ruette', 1, '6760'),
(2133, 'Ruien', 1, '9690'),
(2134, 'Ruisbroek (Antw.)', 1, '2870'),
(2135, 'Ruisbroek (Bt.)', 1, '1601'),
(2136, 'Ruiselede', 1, '8755'),
(2137, 'Rukkelingen-Loon', 1, '3870'),
(2138, 'Rulles', 1, '6724'),
(2139, 'Rumbeke', 1, '8800'),
(2140, 'Rumes', 1, '7610'),
(2141, 'Rumillies', 1, '7540'),
(2142, 'Rummen', 1, '3454'),
(2143, 'Rumsdorp', 1, '3400'),
(2144, 'Rumst', 1, '2840'),
(2145, 'Runkelen', 1, '3803'),
(2146, 'Rupelmonde', 1, '9150'),
(2147, 'Russeignies', 1, '7750'),
(2148, 'Rutten', 1, '3700'),
(2149, '''s Gravenvoeren', 1, '3798'),
(2150, '''s Gravenwezel', 1, '2970'),
(2151, '''s Herenelderen', 1, '3700'),
(2152, 'Saint-Amand', 1, '6221'),
(2153, 'Saint-André', 1, '4606'),
(2154, 'Saint-Aubin', 1, '5620'),
(2155, 'Saint-Denis (Ht.)', 1, '7034'),
(2156, 'Saint-Denis-Bovesse', 1, '5081'),
(2157, 'Sainte-Cécile', 1, '6820'),
(2158, 'Sainte-Marie-Chevigny', 1, '6800'),
(2159, 'Sainte-Marie-sur-Semois', 1, '6740'),
(2160, 'Sainte-Ode', 1, '6680'),
(2161, 'Saintes', 1, '1480'),
(2162, 'Saint-Georges-sur-Meuse', 1, '4470'),
(2163, 'Saint-Gérard', 1, '5640'),
(2164, 'Saint-Germain', 1, '5310'),
(2165, 'Saint-Géry', 1, '1450'),
(2166, 'Saint-Ghislain', 1, '7330'),
(2167, 'Saint-Gilles', 1, '1060'),
(2168, 'Saint-Hubert', 1, '6870'),
(2169, 'Saint-Jean-Geest', 1, '1370'),
(2170, 'Saint-Josse-ten-Noode', 1, '1210'),
(2171, 'Saint-Léger (Ht.)', 1, '7730'),
(2172, 'Saint-Léger (Lux.)', 1, '6747'),
(2173, 'Saint-Marc', 1, '5003'),
(2174, 'Saint-Mard', 1, '6762'),
(2175, 'Saint-Martin', 1, '5190'),
(2176, 'Saint-Maur', 1, '7500'),
(2177, 'Saint-Médard', 1, '6887'),
(2178, 'Saint-Nicolas (Lg.)', 1, '4420'),
(2179, 'Saint-Pierre', 1, '6800'),
(2180, 'Saint-Remy (Ht.)', 1, '6460'),
(2181, 'Saint-Remy (Lg.)', 1, '4672'),
(2182, 'Saint-Remy-Geest', 1, '1370'),
(2183, 'Saint-Sauveur', 1, '7912'),
(2184, 'Saint-Servais', 1, '5002'),
(2185, 'Saint-Séverin', 1, '4550'),
(2186, 'Saint-Symphorien', 1, '7030'),
(2187, 'Saint-Vaast', 1, '7100'),
(2188, 'Saint-Vincent', 1, '6730'),
(2189, 'Saint-Vith', 1, '4780'),
(2190, 'Saive', 1, '4671'),
(2191, 'Salles', 1, '6460'),
(2192, 'Samart', 1, '5600'),
(2193, 'Sambreville', 1, '5060'),
(2194, 'Samrée', 1, '6982'),
(2195, 'Sankt Vith', 1, '4780'),
(2196, 'Sars-la-Bruyére', 1, '7080'),
(2197, 'Sars-la-Buissiére', 1, '6542'),
(2198, 'Sart-Bernard', 1, '5330'),
(2199, 'Sart-Custinne', 1, '5575'),
(2200, 'Sart-Dames-Avelines', 1, '1495'),
(2201, 'Sart-en-Fagne', 1, '5600'),
(2202, 'Sart-Eustache', 1, '5070'),
(2203, 'Sart-lez-Spa', 1, '4845'),
(2204, 'Sart-Saint-Laurent', 1, '5070'),
(2205, 'Sautin', 1, '6470'),
(2206, 'Sautour', 1, '5600'),
(2207, 'Sauveniére', 1, '5030'),
(2208, 'Schaarbeek', 1, '1030'),
(2209, 'Schaerbeek', 1, '1030'),
(2210, 'Schaffen', 1, '3290'),
(2211, 'Schalkhoven', 1, '3732'),
(2212, 'Schaltin', 1, '5364'),
(2213, 'Schelderode', 1, '9820'),
(2214, 'Scheldewindeke', 1, '9860'),
(2215, 'Schelle', 1, '2627'),
(2216, 'Schellebelle', 1, '9260'),
(2217, 'Schendelbeke', 1, '9506'),
(2218, 'Schepdaal', 1, '1703'),
(2219, 'Scherpenheuvel', 1, '3270'),
(2220, 'Schilde', 1, '2970'),
(2221, 'Schoenberg', 1, '4782'),
(2222, 'Schénberg', 1, '4782'),
(2223, 'Schoonaarde', 1, '9200'),
(2224, 'Schore', 1, '8433'),
(2225, 'Schorisse', 1, '9688'),
(2226, 'Schoten', 1, '2900'),
(2227, 'Schriek', 1, '2223'),
(2228, 'Schuiferskapelle', 1, '8700'),
(2229, 'Schulen', 1, '3540'),
(2230, 'Sclayn', 1, '5300'),
(2231, 'Scy', 1, '5361'),
(2232, 'Seilles', 1, '5300'),
(2233, 'Sélange', 1, '6781'),
(2234, 'Seloignes', 1, '6596'),
(2235, 'Semmerzake', 1, '9890'),
(2236, 'Seneffe', 1, '7180'),
(2237, 'Sensenruth', 1, '6832'),
(2238, 'Seny', 1, '4557'),
(2239, 'Senzeille', 1, '5630'),
(2240, 'Septon', 1, '6940'),
(2241, 'Seraing', 1, '4100'),
(2242, 'Seraing-le-Chéteau', 1, '4537'),
(2243, 'Serinchamps', 1, '5590'),
(2244, 'Serskamp', 1, '9260'),
(2245, 'Serville', 1, '5521'),
(2246, 'Sibret', 1, '6640'),
(2247, 'Signeulx', 1, '6750'),
(2248, 'Sijsele', 1, '8340'),
(2249, 'Silenrieux', 1, '5630'),
(2250, 'Silly', 1, '7830'),
(2251, 'Sinaai-Waas', 1, '9112'),
(2252, 'Sinsin', 1, '5377'),
(2253, 'Sint-Agatha-Berchem', 1, '1080'),
(2254, 'Sint-Agatha-Rode', 1, '3040'),
(2255, 'Sint-Amands', 1, '2890'),
(2256, 'Sint-Amandsberg', 1, '9040'),
(2257, 'Sint-Andries', 1, '8200'),
(2258, 'Sint-Antelinks', 1, '9550'),
(2259, 'Sint-Baafs-Vijve', 1, '8710'),
(2260, 'Sint-Blasius-Boekel', 1, '9630'),
(2261, 'Sint-Denijs', 1, '8554'),
(2262, 'Sint-Denijs-Boekel', 1, '9630'),
(2263, 'Sint-Denijs-Westrem', 1, '9051'),
(2264, 'Sint-Eloois-Vijve', 1, '8793'),
(2265, 'Sint-Eloois-Winkel', 1, '8880'),
(2266, 'Sint-Genesius-Rode', 1, '1640'),
(2267, 'Sint-Gillis', 1, '1060'),
(2268, 'Sint-Gillis-Waas', 1, '9170'),
(2269, 'Sint-Goriks-Oudenhove', 1, '9620'),
(2270, 'Sint-Huibrechts-Hern', 1, '3730'),
(2271, 'Sint-Huibrechts-Lille', 1, '3910'),
(2272, 'Sint-Jacobs-Kapelle', 1, '8600'),
(2273, 'Sint-Jan', 1, '8900'),
(2274, 'Sint-Jan-in-Eremo', 1, '9982'),
(2275, 'Sint-Jans-Molenbeek', 1, '1080'),
(2276, 'Sint-Job-in-''t-Goor', 1, '2960'),
(2277, 'Sint-Joost-ten-Node', 1, '1210'),
(2278, 'Sint-Joris (Beernem)', 1, '8730'),
(2279, 'Sint-Joris (Nieuwpoort)', 1, '8620'),
(2280, 'Sint-Joris-Weert', 1, '3051'),
(2281, 'Sint-Joris-Winge', 1, '3390'),
(2282, 'Sint-Katelijne-Waver', 1, '2860'),
(2283, 'Sint-Katherina-lombeek', 1, '1742'),
(2284, 'Sint-Kornelis-Horebeke', 1, '9667'),
(2285, 'Sint-Kruis (Brugge)', 1, '8310'),
(2286, 'Sint-Kruis-Winkel', 1, '9042'),
(2287, 'Sint-Kwintens-Lennik', 1, '1750'),
(2288, 'Sint-Lambrechts-Herk', 1, '3500'),
(2289, 'Sint-Lambrechts-Woluwe', 1, '1200'),
(2290, 'Sint-Laureins', 1, '9980'),
(2291, 'Sint-Laureins-Berchem', 1, '1600'),
(2292, 'Sint-Lenaerts', 1, '2960'),
(2293, 'Sint-Lievens-Esse', 1, '9550'),
(2294, 'Sint-Lievens-Houtem', 1, '9520'),
(2295, 'Sint-Margriete', 1, '9981'),
(2296, 'Sint-Maria-Horebeke', 1, '9667'),
(2297, 'Sint-Maria-Latem', 1, '9630'),
(2298, 'Sint-Maria-Lierde', 1, '9570'),
(2299, 'Sint-Martens-Bodegem', 1, '1700'),
(2300, 'Sint-Martens-Latem', 1, '9830'),
(2301, 'Sint-Martens-Leerne', 1, '9800'),
(2302, 'Sint-Martens-Lennik', 1, '1750'),
(2303, 'Sint-Martens-Lierde', 1, '9572'),
(2304, 'Sint-Martens-Voeren', 1, '3790'),
(2305, 'Sint-Michiels', 1, '8200'),
(2306, 'Sint-Niklaas', 1, '9100'),
(2307, 'Sint-Pauwels', 1, '9170'),
(2308, 'Sint-Pieters-Kapelle (Bt.)', 1, '1541'),
(2309, 'Sint-Pieters-Leeuw', 1, '1600'),
(2310, 'Sint-Pieters-Rode', 1, '3220'),
(2311, 'Sint-Pieters-Voeren', 1, '3792'),
(2312, 'Sint-Pieters-Woluwe', 1, '1150'),
(2313, 'Sint-Rijkers', 1, '8690'),
(2314, 'Sint-Stevens-Woluwe', 1, '1932'),
(2315, 'Sint-Truiden', 1, '3800'),
(2316, 'Sint-Ulriks-Kapelle', 1, '1700'),
(2317, 'Sippenaeken', 1, '4851'),
(2318, 'Sirault', 1, '7332'),
(2319, 'Sivry', 1, '6470'),
(2320, 'Sivry-Rance', 1, '6470'),
(2321, 'Sleidinge', 1, '9940'),
(2322, 'Slijpe', 1, '8433'),
(2323, 'Slins', 1, '4450'),
(2324, 'Sluizen', 1, '3700'),
(2325, 'Smeerebbe-Vloerzegem', 1, '9506'),
(2326, 'Smetlede', 1, '9340'),
(2327, 'Smuid', 1, '6890'),
(2328, 'Snaaskerke', 1, '8470'),
(2329, 'Snellegem', 1, '8490'),
(2330, 'Soheit-Tinlot', 1, '4557'),
(2331, 'Sohier', 1, '6920'),
(2332, 'Soignies', 1, '7060'),
(2333, 'Soiron', 1, '4861'),
(2334, 'Solre-Saint-Géry', 1, '6500'),
(2335, 'Solre-sur-Sambre', 1, '6560'),
(2336, 'Sombreffe', 1, '5140'),
(2337, 'Somme-Leuze', 1, '5377'),
(2338, 'Sommethonne', 1, '6769'),
(2339, 'Sommiére', 1, '5523'),
(2340, 'Somzée', 1, '5651'),
(2341, 'Sorée', 1, '5340'),
(2342, 'Sorinne-la-Longue', 1, '5333'),
(2343, 'Sorinnes', 1, '5503'),
(2344, 'Sosoye', 1, '5537'),
(2345, 'Sougné-Remouchamps', 1, '4920'),
(2346, 'Soulme', 1, '5680'),
(2347, 'Soumagne', 1, '4630'),
(2348, 'Soumoy', 1, '5630'),
(2349, 'Sourbrodt', 1, '4950'),
(2350, 'Souvret', 1, '6182'),
(2351, 'Sovet', 1, '5590'),
(2352, 'Soy', 1, '6997'),
(2353, 'Soye (Nam.)', 1, '5150'),
(2354, 'Spa', 1, '4900'),
(2355, 'Spalbeek', 1, '3510'),
(2356, 'Spiennes', 1, '7032'),
(2357, 'Spiere', 1, '8587'),
(2358, 'Spiere-Helkijn', 1, '8587'),
(2359, 'Spontin', 1, '5530'),
(2360, 'Sprimont', 1, '4140'),
(2361, 'Spy', 1, '5190'),
(2362, 'Stabroek', 1, '2940'),
(2363, 'Staden', 1, '8840'),
(2364, 'Stalhille', 1, '8490'),
(2365, 'Stambruges', 1, '7973'),
(2366, 'Stave', 1, '5646'),
(2367, 'Stavele', 1, '8691'),
(2368, 'Stavelot', 1, '4970'),
(2369, 'Steendorp', 1, '9140'),
(2370, 'Steenhuffel', 1, '1840'),
(2371, 'Steenhuize-Wijnhuize', 1, '9550'),
(2372, 'Steenkerke (W.-VL.)', 1, '8630'),
(2373, 'Steenkerque (Ht.)', 1, '7090'),
(2374, 'Steenokkerzeel', 1, '1820'),
(2375, 'Stekene', 1, '9190'),
(2376, 'Stembert', 1, '4801'),
(2377, 'Stene', 1, '8400'),
(2378, 'Sterrebeek', 1, '1933'),
(2379, 'Stevoort', 1, '3512'),
(2380, 'St-Gillis-bij-Dendermonde', 1, '9200'),
(2381, 'St-Margriete (Kortenaken)', 1, '3470'),
(2382, 'St-Margriete-Houtem(Tien.)', 1, '3300'),
(2383, 'St-Maria-Oudenhove(Brakel)', 1, '9660'),
(2384, 'St-Maria-Oudenhove(Zott.)', 1, '9620'),
(2385, 'Stokkem', 1, '3650'),
(2386, 'Stokrooie', 1, '3511'),
(2387, 'Stoumont', 1, '4987'),
(2388, 'St-Pieters-Kapelle(W.-Vl.)', 1, '8433'),
(2389, 'Straimont', 1, '6887'),
(2390, 'Strée (Ht.)', 1, '6511'),
(2391, 'Strée-lez-Huy', 1, '4577'),
(2392, 'Strépy-Bracquegnies', 1, '7110'),
(2393, 'Strijpen', 1, '9620'),
(2394, 'Strijtem', 1, '1760'),
(2395, 'Strombeek-Bever', 1, '1853'),
(2396, 'Stuivekenskerke', 1, '8600'),
(2397, 'Suarlée', 1, '5020'),
(2398, 'Sugny', 1, '5550'),
(2399, 'Surice', 1, '5600'),
(2400, 'Suxy', 1, '6812'),
(2401, 'Tailles', 1, '6661'),
(2402, 'Taintignies', 1, '7618'),
(2403, 'Tamines', 1, '5060'),
(2404, 'Tarcienne', 1, '5651'),
(2405, 'Tavier', 1, '4163'),
(2406, 'Taviers (Nam.)', 1, '5310'),
(2407, 'Tavigny', 1, '6662'),
(2408, 'Tellin', 1, '6927'),
(2409, 'Templeuve', 1, '7520'),
(2410, 'Temploux', 1, '5020'),
(2411, 'Temse', 1, '9140'),
(2412, 'Tenneville', 1, '6970'),
(2413, 'Teralfene', 1, '1790'),
(2414, 'Terhagen', 1, '2840'),
(2415, 'Termes', 1, '6813'),
(2416, 'Ternat', 1, '1740'),
(2417, 'Tertre', 1, '7333'),
(2418, 'Tervuren', 1, '3080'),
(2419, 'Terwagne', 1, '4560'),
(2420, 'Tessenderlo', 1, '3980'),
(2421, 'Testelt', 1, '3272'),
(2422, 'Teuven', 1, '3793'),
(2423, 'Theux', 1, '4910'),
(2424, 'Thiaumont', 1, '6717'),
(2425, 'Thieu', 1, '7070'),
(2426, 'Thieulain', 1, '7901'),
(2427, 'Thieusies', 1, '7061'),
(2428, 'Thiméon', 1, '6230'),
(2429, 'Thimister', 1, '4890'),
(2430, 'Thimister-Clermont', 1, '4890'),
(2431, 'Thimougies', 1, '7533'),
(2432, 'Thines', 1, '1402'),
(2433, 'Thirimont', 1, '6500'),
(2434, 'Thisnes', 1, '4280'),
(2435, 'Thommen', 1, '4791'),
(2436, 'Thon', 1, '5300'),
(2437, 'Thorembais-les-Béguines', 1, '1360'),
(2438, 'Thorembais-Saint-Trond', 1, '1360'),
(2439, 'Thoricourt', 1, '7830'),
(2440, 'Thuillies', 1, '6536'),
(2441, 'Thuin', 1, '6530'),
(2442, 'Thulin', 1, '7350'),
(2443, 'Thumaide', 1, '7971'),
(2444, 'Thy-le-Bauduin', 1, '5621'),
(2445, 'Thy-le-Chéteau', 1, '5651'),
(2446, 'Thynes', 1, '5502'),
(2447, 'Thys', 1, '4367'),
(2448, 'Tiegem', 1, '8573'),
(2449, 'Tielen', 1, '2460'),
(2450, 'Tielrode', 1, '9140'),
(2451, 'Tielt', 1, '8700'),
(2452, 'Tielt (Bt.)', 1, '3390'),
(2453, 'Tienen', 1, '3300'),
(2454, 'Tignée', 1, '4630'),
(2455, 'Tihange', 1, '4500'),
(2456, 'Tildonk', 1, '3150'),
(2457, 'Tilff', 1, '4130'),
(2458, 'Tillet', 1, '6680'),
(2459, 'Tilleur', 1, '4420'),
(2460, 'Tillier', 1, '5380'),
(2461, 'Tilly', 1, '1495'),
(2462, 'Tinlot', 1, '4557'),
(2463, 'Tintange', 1, '6637'),
(2464, 'Tintigny', 1, '6730'),
(2465, 'Tisselt', 1, '2830'),
(2466, 'Toernich', 1, '6700'),
(2467, 'Tohogne', 1, '6941'),
(2468, 'Tollembeek', 1, '1570'),
(2469, 'Tongeren', 1, '3700'),
(2470, 'Tongerlo (Antw.)', 1, '2260'),
(2471, 'Tongerlo (Limb.)', 1, '3960'),
(2472, 'Tongre-Notre-Dame', 1, '7951'),
(2473, 'Tongre-Saint-Martin', 1, '7950'),
(2474, 'Tongrinne', 1, '5140'),
(2475, 'Tontelange', 1, '6717'),
(2476, 'Torgny', 1, '6767'),
(2477, 'Torhout', 1, '8820'),
(2478, 'Tourinne (Lg.)', 1, '4263'),
(2479, 'Tourinnes-la-Grosse', 1, '1320'),
(2480, 'Tourinnes-Saint-Lambert', 1, '1457'),
(2481, 'Tournai', 1, '7500'),
(2482, 'Tournay', 1, '6840'),
(2483, 'Tourpes', 1, '7904'),
(2484, 'Transinne', 1, '6890'),
(2485, 'Trazegnies', 1, '6183'),
(2486, 'Treignes', 1, '5670'),
(2487, 'Trembleur', 1, '4670'),
(2488, 'Tremelo', 1, '3120'),
(2489, 'Triviéres', 1, '7100'),
(2490, 'Trognée', 1, '4280'),
(2491, 'Trois-Ponts', 1, '4980'),
(2492, 'Trooz', 1, '4870'),
(2493, 'Tubize', 1, '1480'),
(2494, 'Turnhout', 1, '2300'),
(2495, 'Uccle', 1, '1180'),
(2496, 'Ucimont', 1, '6833'),
(2497, 'Uikhoven', 1, '3631'),
(2498, 'Uitbergen', 1, '9290'),
(2499, 'Uitkerke', 1, '8370'),
(2500, 'Ukkel', 1, '1180'),
(2501, 'Ulbeek', 1, '3832'),
(2502, 'Upigny', 1, '5310'),
(2503, 'Ursel', 1, '9910'),
(2504, 'Vaalbeek', 1, '3054'),
(2505, 'Val-Meer', 1, '3770'),
(2506, 'Vance', 1, '6741'),
(2507, 'Varendonk', 1, '2431'),
(2508, 'Varsenare', 1, '8490'),
(2509, 'Vaucelles', 1, '5680'),
(2510, 'Vaulx (Tournai)', 1, '7536'),
(2511, 'Vaulx-lez-Chimay', 1, '6462'),
(2512, 'Vaux-Chavanne', 1, '6960'),
(2513, 'Vaux-et-Borset', 1, '4530'),
(2514, 'Vaux-lez-Rosiéres', 1, '6640'),
(2515, 'Vaux-sous-Chévremont', 1, '4051'),
(2516, 'Vaux-sur-Sére', 1, '6640'),
(2517, 'Vechmaal', 1, '3870'),
(2518, 'Vedrin', 1, '5020'),
(2519, 'Veerle', 1, '2431'),
(2520, 'Velaines', 1, '7760'),
(2521, 'Velaine-sur-Sambre', 1, '5060'),
(2522, 'Veldegem', 1, '8210'),
(2523, 'Veldwezelt', 1, '3620'),
(2524, 'Vellereille-les-Brayeux', 1, '7120'),
(2525, 'Vellereille-le-Sec', 1, '7120'),
(2526, 'Velm', 1, '3806'),
(2527, 'Velroux', 1, '4460'),
(2528, 'Veltem-Beisem', 1, '3020'),
(2529, 'Velzeke-Ruddershove', 1, '9620'),
(2530, 'Vencimont', 1, '5575'),
(2531, 'Vergnies', 1, '6440'),
(2532, 'Verlaine', 1, '4537'),
(2533, 'Verlée', 1, '5370'),
(2534, 'Verrebroek', 1, '9130'),
(2535, 'Vertrijk', 1, '3370'),
(2536, 'Verviers', 1, '4800'),
(2537, 'Vesqueville', 1, '6870'),
(2538, 'Veulen', 1, '3870'),
(2539, 'Veurne', 1, '8630'),
(2540, 'Vezin', 1, '5300'),
(2541, 'Vezon', 1, '7538'),
(2542, 'Viane', 1, '9500'),
(2543, 'Vichte', 1, '8570'),
(2544, 'Vielsalm', 1, '6690'),
(2545, 'Viemme', 1, '4317'),
(2546, 'Viersel', 1, '2240'),
(2547, 'Vierset-Barse', 1, '4577'),
(2548, 'Vierves-sur-Viroin', 1, '5670'),
(2549, 'Viesville', 1, '6230'),
(2550, 'Vieux-Genappe', 1, '1472'),
(2551, 'Vieuxville', 1, '4190'),
(2552, 'Vieux-Waleffe', 1, '4530'),
(2553, 'Villance', 1, '6890'),
(2554, 'Ville-en-Hesbaye', 1, '4260'),
(2555, 'Ville-Pommeroeul', 1, '7322'),
(2556, 'Villerot', 1, '7334'),
(2557, 'Villers-aux-Tours', 1, '4161'),
(2558, 'Villers-Deux-Eglises', 1, '5630'),
(2559, 'Villers-devant-Orval', 1, '6823'),
(2560, 'Villers-en-Fagne', 1, '5600'),
(2561, 'Villers-la-Bonne-Eau', 1, '6600'),
(2562, 'Villers-la-Loue', 1, '6769'),
(2563, 'Villers-la-Tour', 1, '6460'),
(2564, 'Villers-la-Ville', 1, '1495'),
(2565, 'Villers-le-Bouillet', 1, '4530'),
(2566, 'Villers-le-Gambon', 1, '5600'),
(2567, 'Villers-le-Peuplier', 1, '4280'),
(2568, 'Villers-le-Temple', 1, '4550'),
(2569, 'Villers-l''Evéque', 1, '4340'),
(2570, 'Villers-lez-Heest', 1, '5080'),
(2571, 'Villers-Notre-Dame', 1, '7812'),
(2572, 'Villers-Perwin', 1, '6210'),
(2573, 'Villers-Poterie', 1, '6280'),
(2574, 'Villers-Saint-Amand', 1, '7812'),
(2575, 'Villers-Sainte-Gertrude', 1, '6941'),
(2576, 'Villers-Saint-Ghislain', 1, '7031'),
(2577, 'Villers-Saint-Siméon', 1, '4453'),
(2578, 'Villers-sur-Lesse', 1, '5580'),
(2579, 'Villers-sur-Semois', 1, '6740'),
(2580, 'Ville-sur-Haine (Mons)', 1, '7021'),
(2581, 'Ville-sur-Haine(Le Roeulx)', 1, '7070'),
(2582, 'Vilvoorde', 1, '1800'),
(2583, 'Vinalmont', 1, '4520'),
(2584, 'Vinderhoute', 1, '9921'),
(2585, 'Vinkem', 1, '8630'),
(2586, 'Vinkt', 1, '9800'),
(2587, 'Virelles', 1, '6461'),
(2588, 'Virginal-Samme', 1, '1460'),
(2589, 'Viroinval', 1, '5670'),
(2590, 'Virton', 1, '6760'),
(2591, 'Visé', 1, '4600'),
(2592, 'Vissenaken', 1, '3300'),
(2593, 'Vitrival', 1, '5070'),
(2594, 'Vivegnis', 1, '4683'),
(2595, 'Vivy', 1, '6833'),
(2596, 'Vladslo', 1, '8600'),
(2597, 'Vlamertinge', 1, '8908'),
(2598, 'Vlekkem', 1, '9420'),
(2599, 'Vleteren', 1, '8640'),
(2600, 'Vlezenbeek', 1, '1602'),
(2601, 'Vliermaal', 1, '3724'),
(2602, 'Vliermaalroot', 1, '3721'),
(2603, 'Vlierzele', 1, '9520'),
(2604, 'Vlijtingen', 1, '3770'),
(2605, 'Vlimmeren', 1, '2340'),
(2606, 'Vlissegem', 1, '8421'),
(2607, 'Vloesberg', 1, '7880'),
(2608, 'Vodecée', 1, '5600'),
(2609, 'Vodelée', 1, '5680'),
(2610, 'Voeren', 1, '3790'),
(2611, 'Vogenée', 1, '5650'),
(2612, 'Volkegem', 1, '9700'),
(2613, 'Vollezele', 1, '1570'),
(2614, 'Vonéche', 1, '5570'),
(2615, 'Voorde', 1, '9400'),
(2616, 'Voormezele', 1, '8902'),
(2617, 'Voort', 1, '3840'),
(2618, 'Voroux-Goreux', 1, '4347'),
(2619, 'Voroux-lez-Liers', 1, '4451'),
(2620, 'Vorselaar', 1, '2290'),
(2621, 'Vorsen', 1, '3890'),
(2622, 'Vorst', 1, '1190'),
(2623, 'Vorst (Kempen)', 1, '2430'),
(2624, 'Vosselaar', 1, '2350'),
(2625, 'Vosselare', 1, '9850'),
(2626, 'Vossem', 1, '3080'),
(2627, 'Vottem', 1, '4041'),
(2628, 'Vrasene', 1, '9120'),
(2629, 'Vremde', 1, '2531'),
(2630, 'Vreren', 1, '3700'),
(2631, 'Vresse-sur-Semois', 1, '5550'),
(2632, 'Vroenhoven', 1, '3770'),
(2633, 'Vucht', 1, '3630'),
(2634, 'Vurste', 1, '9890'),
(2635, 'Vyle-et-Tharoul', 1, '4570'),
(2636, 'Waanrode', 1, '3473'),
(2637, 'Waarbeke', 1, '9506'),
(2638, 'Waardamme', 1, '8020'),
(2639, 'Waarloos', 1, '2550'),
(2640, 'Waarmaarde', 1, '8581'),
(2641, 'Waarschoot', 1, '9950'),
(2642, 'Waasmont', 1, '3401'),
(2643, 'Waasmunster', 1, '9250'),
(2644, 'Waasten', 1, '7784'),
(2645, 'Wachtebeke', 1, '9185'),
(2646, 'Wadelincourt', 1, '7971'),
(2647, 'Wagnelée', 1, '6223'),
(2648, 'Waha', 1, '6900'),
(2649, 'Waillet', 1, '5377'),
(2650, 'Waimes', 1, '4950'),
(2651, 'Wakken', 1, '8720'),
(2652, 'Walcourt', 1, '5650'),
(2653, 'Walem', 1, '2800'),
(2654, 'Walhain', 1, '1457'),
(2655, 'Walhain-Saint-Paul', 1, '1457'),
(2656, 'Walhorn', 1, '4711'),
(2657, 'Walsbets', 1, '3401'),
(2658, 'Walshoutem', 1, '3401'),
(2659, 'Waltwilder', 1, '3740'),
(2660, 'Wambeek', 1, '1741'),
(2661, 'Wancennes', 1, '5570'),
(2662, 'Wandre', 1, '4020'),
(2663, 'Wanfercée-Baulet', 1, '6224'),
(2664, 'Wange', 1, '3400'),
(2665, 'Wangenies', 1, '6220'),
(2666, 'Wanlin', 1, '5564'),
(2667, 'Wanne', 1, '4980'),
(2668, 'Wannebecq', 1, '7861'),
(2669, 'Wannegem-Lede', 1, '9772'),
(2670, 'Wansin', 1, '4280'),
(2671, 'Wanze', 1, '4520'),
(2672, 'Wanzele', 1, '9340'),
(2673, 'Warchin', 1, '7548'),
(2674, 'Warcoing', 1, '7740'),
(2675, 'Wardin', 1, '6600'),
(2676, 'Waregem', 1, '8790'),
(2677, 'Waremme', 1, '4300'),
(2678, 'Waret-la-Chaussée', 1, '5310'),
(2679, 'Waret-l''Evéque', 1, '4217'),
(2680, 'Warisoulx', 1, '5080'),
(2681, 'Warnant', 1, '5537'),
(2682, 'Warnant-Dreye', 1, '4530'),
(2683, 'Warneton', 1, '7784'),
(2684, 'Warquignies', 1, '7340'),
(2685, 'Warsage', 1, '4608'),
(2686, 'Warzée', 1, '4590'),
(2687, 'Wasmes', 1, '7340'),
(2688, 'Wasmes-Audemez-Briffoeil', 1, '7604'),
(2689, 'Wasmuel', 1, '7390'),
(2690, 'Wasseiges', 1, '4219'),
(2691, 'Waterland-Oudeman', 1, '9988'),
(2692, 'Waterloo', 1, '1410'),
(2693, 'Watermaal-Bosvoorde', 1, '1170'),
(2694, 'Watermael-Boitsfort', 1, '1170'),
(2695, 'Watervliet', 1, '9988'),
(2696, 'Watou', 1, '8978'),
(2697, 'Wattripont', 1, '7910'),
(2698, 'Waudrez', 1, '7131'),
(2699, 'Waulsort', 1, '5540'),
(2700, 'Wauthier-Braine', 1, '1440'),
(2701, 'Wavre', 1, '1300'),
(2702, 'Wavreille', 1, '5580'),
(2703, 'Wayaux', 1, '6210'),
(2704, 'Ways', 1, '1474'),
(2705, 'Webbekom', 1, '3290'),
(2706, 'Wechelderzande', 1, '2275'),
(2707, 'Weelde', 1, '2381'),
(2708, 'Weerde', 1, '1982'),
(2709, 'Weert', 1, '2880'),
(2710, 'Wegnez', 1, '4860'),
(2711, 'Weillen', 1, '5523'),
(2712, 'Weismes', 1, '4950'),
(2713, 'Welden', 1, '9700'),
(2714, 'Welkenraedt', 1, '4840'),
(2715, 'Welle', 1, '9473'),
(2716, 'Wellen', 1, '3830'),
(2717, 'Wellin', 1, '6920'),
(2718, 'Wemmel', 1, '1780'),
(2719, 'Wenduine', 1, '8420'),
(2720, 'Wépion', 1, '5100'),
(2721, 'Werbomont', 1, '4190'),
(2722, 'Werchter', 1, '3118'),
(2723, 'Wéris', 1, '6940'),
(2724, 'Werken', 1, '8610'),
(2725, 'Werm', 1, '3730'),
(2726, 'Wervik', 1, '8940'),
(2727, 'Wespelaar', 1, '3150'),
(2728, 'Westende', 1, '8434'),
(2729, 'Westerlo', 1, '2260'),
(2730, 'Westkapelle', 1, '8300'),
(2731, 'Westkerke', 1, '8460'),
(2732, 'Westmalle', 1, '2390'),
(2733, 'Westmeerbeek', 1, '2235'),
(2734, 'Westouter', 1, '8954'),
(2735, 'Westrem', 1, '9230'),
(2736, 'Westrozebeke', 1, '8840'),
(2737, 'Westvleteren', 1, '8640'),
(2738, 'Wetteren', 1, '9230'),
(2739, 'Wevelgem', 1, '8560'),
(2740, 'Wezemaal', 1, '3111'),
(2741, 'Wezembeek-Oppem', 1, '1970'),
(2742, 'Wezeren', 1, '3401'),
(2743, 'Wez-Velvain', 1, '7620'),
(2744, 'Wibrin', 1, '6666'),
(2745, 'Wichelen', 1, '9260'),
(2746, 'Widooie', 1, '3700'),
(2747, 'Wiekevorst', 1, '2222'),
(2748, 'Wielsbeke', 1, '8710'),
(2749, 'Wierde', 1, '5100'),
(2750, 'Wiers', 1, '7608'),
(2751, 'Wiesme', 1, '5571'),
(2752, 'Wieze', 1, '9280'),
(2753, 'Wihéries', 1, '7370'),
(2754, 'Wihogne', 1, '4452'),
(2755, 'Wijchmaal', 1, '3990'),
(2756, 'Wijer', 1, '3850'),
(2757, 'Wijgmaal (Bt.)', 1, '3018'),
(2758, 'Wijnegem', 1, '2110'),
(2759, 'Wijshagen', 1, '3670'),
(2760, 'Wijtschate', 1, '8953'),
(2761, 'Wilderen', 1, '3803'),
(2762, 'Willaupuis', 1, '7904'),
(2763, 'Willebringen', 1, '3370'),
(2764, 'Willebroek', 1, '2830'),
(2765, 'Willemeau', 1, '7506'),
(2766, 'Willerzie', 1, '5575'),
(2767, 'Wilrijk (Antwerpen)', 1, '2610'),
(2768, 'Wilsele', 1, '3012'),
(2769, 'Wilskerke', 1, '8431'),
(2770, 'Wimmertingen', 1, '3501'),
(2771, 'Winenne', 1, '5570'),
(2772, 'Wingene', 1, '8750'),
(2773, 'Winksele', 1, '3020'),
(2774, 'Wintershoven', 1, '3722'),
(2775, 'Witry', 1, '6860'),
(2776, 'Wodecq', 1, '7890'),
(2777, 'Woesten', 1, '8640'),
(2778, 'Wolkrange', 1, '6780'),
(2779, 'Woluwé-Saint-Lambert', 1, '1200'),
(2780, 'Woluwé-Saint-Pierre', 1, '1150'),
(2781, 'Wolvertem', 1, '1861'),
(2782, 'Wommelgem', 1, '2160'),
(2783, 'Wommersom', 1, '3350'),
(2784, 'Wonck', 1, '4690'),
(2785, 'Wondelgem', 1, '9032'),
(2786, 'Wontergem', 1, '9800'),
(2787, 'Wortegem', 1, '9790'),
(2788, 'Wortegem-Petegem', 1, '9790'),
(2789, 'Wortel', 1, '2323'),
(2790, 'Woubrechtegem', 1, '9550'),
(2791, 'Woumen', 1, '8600'),
(2792, 'Wulpen', 1, '8670'),
(2793, 'Wulvergem', 1, '8952'),
(2794, 'Wulveringem', 1, '8630'),
(2795, 'Wuustwezel', 1, '2990'),
(2796, 'Xhendelesse', 1, '4652'),
(2797, 'Xhendremael', 1, '4432'),
(2798, 'Xhoris', 1, '4190'),
(2799, 'Yernée-Fraineux', 1, '4550'),
(2800, 'Yves-Gomezée', 1, '5650'),
(2801, 'Yvoir', 1, '5530'),
(2802, 'Zaffelare', 1, '9080'),
(2803, 'Zandbergen', 1, '9506'),
(2804, 'Zande', 1, '8680'),
(2805, 'Zandhoven', 1, '2240'),
(2806, 'Zandvliet', 1, '2040'),
(2807, 'Zandvoorde (Oostende)', 1, '8400'),
(2808, 'Zandvoorde (Zonnebeke)', 1, '8980'),
(2809, 'Zarlardinge', 1, '9500'),
(2810, 'Zarren', 1, '8610'),
(2811, 'Zaventem', 1, '1930'),
(2812, 'Zedelgem', 1, '8210'),
(2813, 'Zeebrugge (Brugge)', 1, '8380'),
(2814, 'Zegelsem', 1, '9660'),
(2815, 'Zele', 1, '9240'),
(2816, 'Zelem', 1, '3545'),
(2817, 'Zellik', 1, '1731'),
(2818, 'Zelzate', 1, '9060'),
(2819, 'Zemst', 1, '1980'),
(2820, 'Zepperen', 1, '3800'),
(2821, 'Zerkegem', 1, '8490'),
(2822, 'Zétrud-Lumay', 1, '1370'),
(2823, 'Zevekote', 1, '8470'),
(2824, 'Zeveneken', 1, '9080'),
(2825, 'Zeveren', 1, '9800'),
(2826, 'Zevergem', 1, '9840'),
(2827, 'Zichem', 1, '3271'),
(2828, 'Zichen-Zussen-Bolder', 1, '3770'),
(2829, 'Zillebeke', 1, '8902'),
(2830, 'Zingem', 1, '9750'),
(2831, 'Zoerle-Parwijs', 1, '2260'),
(2832, 'Zoersel', 1, '2980'),
(2833, 'Zolder', 1, '3550'),
(2834, 'Zomergem', 1, '9930'),
(2835, 'Zonhoven', 1, '3520'),
(2836, 'Zonnebeke', 1, '8980'),
(2837, 'Zonnegem', 1, '9520'),
(2838, 'Zottegem', 1, '9620'),
(2839, 'Zoutenaaie', 1, '8630'),
(2840, 'Zoutleeuw', 1, '3440'),
(2841, 'Zuidschote', 1, '8904'),
(2842, 'Zuienkerke', 1, '8377'),
(2843, 'Zulte', 1, '9870'),
(2844, 'Zulzeke', 1, '9690'),
(2845, 'Zutendaal', 1, '3690'),
(2846, 'Zwalm', 1, '9630'),
(2847, 'Zwevegem', 1, '8550'),
(2848, 'Zwevezele', 1, '8750'),
(2849, 'Zwijnaarde', 1, '9052'),
(2850, 'Zwijndrecht', 1, '2070');